CUSTOMER_ID,CUSTOMER_EMAIL,CUSTOMER_PHONE_NUMBER,CUSTOMER_FIRST_NAME,CUSTOMER_MIDDLE_NAME,CUSTOMER_LAST_NAME,CUSTOMER_DOB,CUSTOMER_GENDER,CUSTOMER_ADDRESS_ID
WJBK0M9,asword0@va.gov,254-220-8924,Emmerich,Antonietta,Sword,12/21/1989,Male,VU72
INTT2U1,jglazer1@over-blog.com,757-762-5200,Ward,Jerry,Glazer,5/14/1999,Male,WF74
VOEA5P8,twhapham2@howstuffworks.com,830-239-0116,Phedra,Tiphanie,Whapham,6/10/2003,Female,ZA32
NHRZ5V0,sbelson3@va.gov,606-857-0336,Giselbert,Selene,Belson,3/9/2011,Male,KR93
DVQW1L6,lkidgell4@twitpic.com,100-834-0606,Tyson,Lindi,Kidgell,3/9/1948,Male,MV48
VHYG0U5,lrugieri5@taobao.com,467-369-8691,Yorgo,Loralie,Rugieri,8/29/1979,Male,JQ20
XXCL2W5,fmelrose6@statcounter.com,786-544-3454,Sharline,Florri,Melrose,12/9/1961,Female,WL11
OEMO8Q4,cwalkley7@howstuffworks.com,828-966-3616,Kingsly,Cathie,Walkley,5/16/1985,Male,NL68
QTQK1S9,mwilliams8@deliciousdays.com,459-302-6171,Odell,Matty,Williams,12/5/1995,Genderfluid,PB76
CHPE1A5,fmacsorley9@ftc.gov,110-944-6750,Darby,Fianna,MacSorley,10/3/1996,Male,VK33
KGBO1P7,ctweeda@unc.edu,947-298-7583,Edita,Consuela,Tweed,3/19/1976,Female,FR17
SSIQ2E1,epullanb@ibm.com,857-878-5586,Micheal,Elisabetta,Pullan,6/12/1970,Male,RZ08
NGSY8A4,abinhamc@icq.com,779-598-7188,Jenine,Aubrette,Binham,10/29/1963,Female,LX21
AYPD9B8,jajsikd@parallels.com,338-340-3882,Jacquenetta,Jo ann,Ajsik,8/26/1997,Female,FU87
PGAB5S1,cvonbrooke@pinterest.com,542-824-6327,Templeton,Coretta,Von Brook,9/11/2003,Male,AJ82
NNMZ9R1,shindenbergerf@gnu.org,927-869-9544,Andonis,Starlin,Hindenberger,3/4/1967,Male,JD40
YQAQ9I0,cbootlandg@ezinearticles.com,174-346-2451,Alfred,Cristine,Bootland,3/30/2016,Genderfluid,ID72
ZOSX9I2,athormwellh@mediafire.com,872-216-7510,Ferrel,Alvina,Thormwell,7/7/1997,Male,BG94
DPUY4T0,celixi@linkedin.com,499-525-3652,Quentin,Caron,Elix,12/24/1984,Male,UN69
BSET0G9,rbeedj@imdb.com,302-938-0941,Mannie,Robyn,Beed,12/13/1946,Male,QN74
OGWS3I9,gelliffk@cloudflare.com,537-302-6118,Sandy,Gwenette,Elliff,7/31/1994,Female,WE74
LXVQ9W3,epredohll@reddit.com,868-312-5518,Zacharias,Eva,Predohl,8/30/2011,Polygender,KV68
BGUD0V6,rspargom@msn.com,444-840-4290,Rozalie,Ruperta,Spargo,5/9/2020,Female,ZD40
ZMNV0M4,okennsleyn@msu.edu,902-197-4776,Wendall,Olga,Kennsley,8/10/1963,Male,DO27
MHRG6T4,mwicketto@army.mil,251-213-1570,Birdie,Myrah,Wickett,2/11/1982,Female,QT78
NGXY4K8,wbuxcyp@princeton.edu,777-939-1371,Elfie,Wallis,Buxcy,4/24/1975,Female,UL57
CGRX3Q3,pcamilleriq@blogtalkradio.com,670-214-0669,Jobey,Philippine,Camilleri,12/25/1973,Female,TF94
EHQF7W5,ivanyakinr@drupal.org,842-831-2013,Tuck,Isabelita,Vanyakin,10/10/2004,Male,UN48
WUDP5Y4,bshowerss@usgs.gov,360-100-1501,Edna,Bari,Showers,5/2/1979,Female,ZR09
NLPF2O1,vpreshoust@foxnews.com,509-494-6461,Joete,Valencia,Preshous,11/10/2001,Female,AF30
LXKK1O8,czanardiiu@chronoengine.com,888-646-2438,Hurleigh,Chrysler,Zanardii,11/1/1951,Male,DU03
QUFI0G8,asmithymanv@zdnet.com,278-565-0346,Melania,Abigale,Smithyman,9/1/1982,Female,UE97
OSUX9N5,eleathersw@rambler.ru,111-996-6849,Dionisio,Elenore,Leathers,4/28/1966,Male,PH49
MZGX2T2,ibevenx@seesaa.net,253-748-5422,Salomi,Ingunna,Beven,11/21/2006,Female,NG91
VXHN2A1,kgirdlestoney@ed.gov,678-583-8069,Madeleine,Keelia,Girdlestone,5/25/1969,Female,FO53
YWJQ9J8,kmcmanamonz@indiatimes.com,727-747-4009,Kenon,Kat,McManamon,1/24/2016,Male,YI79
VSBO0Q7,mpelosi10@hexun.com,157-384-9352,Kattie,Myriam,Pelosi,11/28/1984,Female,XQ44
NDWC3U2,rwilmore11@howstuffworks.com,409-719-9688,Olag,Regina,Wilmore,10/20/2010,Male,WD28
HSGK8Z4,rdetoc12@comcast.net,322-816-4598,Solly,Rayna,Detoc,12/21/1989,Male,MG48
UYLO3H0,nroller13@vinaora.com,477-930-1219,Randee,Nonna,Roller,9/1/1947,Polygender,WF79
VLSK5D3,dyetts14@redcross.org,539-770-1867,Carmine,Darlleen,Yetts,10/6/1959,Female,GL02
ZUXH2K2,anulty15@flavors.me,214-758-8283,Thatcher,Amelita,Nulty,4/1/1989,Male,GN08
TDAT5F0,emccurley16@reverbnation.com,415-336-3153,Florinda,Emma,McCurley,10/30/1996,Female,EX24
QDHB2Z3,sjantot17@spotify.com,656-325-5633,Barbi,Shelba,Jantot,2/11/1991,Female,XY08
QXCA8R7,omarshfield18@gnu.org,686-210-0505,Leif,Olva,Marshfield,8/3/1993,Male,QO73
EJXQ5C0,jblount19@cloudflare.com,607-868-5042,Glad,Janaye,Blount,12/13/2012,Female,CI21
UQYR4K7,ewichard1a@mlb.com,583-343-1622,Allis,Eliza,Wichard,10/2/2011,Genderfluid,AN16
LYUH5F1,rrockall1b@elpais.com,417-106-3716,Perla,Roseann,Rockall,1/21/2000,Female,ZG65
SMTM8F8,rlearmouth1c@pagesperso-orange.fr,441-685-3905,Alyse,Rosalyn,Learmouth,12/21/1989,Female,CC43
IVGV4X4,lscates1d@ow.ly,524-654-2131,Salim,Lavena,Scates,1/31/2006,Male,IF87
YBZY5Y6,mheers1e@miitbeian.gov.cn,222-999-9695,Rickey,Moselle,Heers,6/4/1990,Male,BI00
NZED2X2,smancktelow1f@dot.gov,243-727-4191,Sascha,Sibilla,Mancktelow,12/3/2003,Male,ZW27
EKHP4J1,mblanshard1g@constantcontact.com,123-203-1149,Erin,Malina,Blanshard,6/1/1967,Female,LZ18
PGAH7E8,egerson1h@icq.com,941-965-9718,Jaclin,Ericha,Gerson,8/27/1981,Female,UL47
NOCH6P3,pesherwood1i@europa.eu,319-928-3235,Tomas,Petunia,Esherwood,4/27/1997,Male,EJ87
EZRR8E5,umatantsev1j@linkedin.com,156-253-1885,Rey,Una,Matantsev,10/16/1977,Male,IS24
OJFH3C3,fcoxhead1k@vk.com,442-836-5179,Charlene,Florry,Coxhead,9/30/1957,Female,VU88
CMTA2D8,kbecker1l@dell.com,118-625-9223,Cammy,Kaleena,Becker,7/9/1996,Female,SS44
RHPO3L9,ahails1m@geocities.jp,271-584-1498,Owen,Arleyne,Hails,4/25/1973,Male,YP69
WOVO0J7,mjamison1n@nps.gov,211-556-9408,Balduin,Maurita,Jamison,3/29/2003,Male,XD57
GLCV7E3,jdawkins1o@umn.edu,494-634-6792,Darrel,Jobye,Dawkins,12/31/2004,Male,UX46
FGCH3D1,grapper1p@google.nl,662-341-3407,Mamie,Gena,Rapper,3/12/1950,Female,ET19
MAVA4V1,btamsett1q@noaa.gov,581-117-5202,Tarra,Brook,Tamsett,12/19/1960,Female,UD04
WMRV7W7,sbasili1r@mayoclinic.com,828-988-7284,Bambie,Sherri,Basili,11/30/1954,Female,DP64
TIKB1X3,dshowering1s@toplist.cz,415-264-5809,Ofella,Dierdre,Showering,5/23/1995,Female,UD30
ALIJ8B8,mglasebrook1t@tripadvisor.com,433-626-7326,Dexter,Monika,Glasebrook,3/21/2017,Male,DR42
OSUV8G3,jdaber1u@facebook.com,663-141-0450,Nat,Jemmie,Daber,10/28/1947,Male,AN06
CUVE5T0,cmolnar1v@comcast.net,626-496-0059,Juliann,Carlie,Molnar,6/7/1985,Female,MY12
NKAT9O4,rwilprecht1w@dell.com,254-629-3853,Rodi,Randie,Wilprecht,9/11/2003,Female,YI33
XWPR3M5,jlinsley1x@linkedin.com,410-298-6542,Patrice,Jena,Linsley,12/20/2008,Male,NK45
IYTU9C2,fritelli1y@lulu.com,902-120-4987,Marguerite,Fae,Ritelli,9/1/1982,Genderqueer,UJ65
KSQF8F5,gbarensky1z@washington.edu,823-583-2684,Ring,Gabriell,Barensky,6/8/1967,Male,XH44
PYQS0W0,cganders20@uol.com.br,960-713-0722,Davis,Cayla,Ganders,5/28/1959,Male,QR67
XUVG4Z6,bandrey21@sciencedaily.com,141-427-9462,Merilyn,Brita,Andrey,8/10/2012,Female,BJ47
UMXN9N3,cfranc22@europa.eu,437-941-3803,Myrlene,Carolee,Franc,10/28/1975,Female,NH02
YDRC9F3,mheino23@nih.gov,728-860-3649,Leonerd,Melantha,Heino,9/11/1967,Male,CQ83
QQLW4N3,rkellie24@about.me,658-157-3277,Brander,Rosana,Kellie,6/5/1993,Male,AA48
HSTI2B2,hloeber25@t-online.de,548-582-3142,Marley,Hyacinthie,Loeber,11/27/2008,Female,BS50
VNCQ9M0,lotham26@sfgate.com,788-704-2504,Penn,Lynsey,Otham,10/1/2011,Male,BV05
IGLE1G4,lkhristyukhin27@europa.eu,723-911-9627,Bayard,Lynea,Khristyukhin,6/22/2005,Male,LF30
HKZZ3K4,mbapty28@ucla.edu,517-775-3851,Vere,Matty,Bapty,3/15/1983,Female,TG05
ZRRS3W2,ochapling29@dell.com,596-999-5927,Wanids,Olenka,Chapling,10/31/1982,Female,CN20
HRXA5C9,ssears2a@foxnews.com,604-958-3233,Stefa,Sibyl,Sears,11/10/1947,Female,QW88
THUQ0T9,vsawood2b@mayoclinic.com,896-446-1556,Bette-ann,Valentia,Sawood,2/17/1976,Female,ZM92
XSQB9C0,mheistermann2c@twitter.com,152-226-8456,Ardys,Madella,Heistermann,7/16/1983,Female,JN53
LIAQ8I0,cflower2d@huffingtonpost.com,810-753-0890,Andrea,Charisse,Flower,3/17/1986,Male,PK31
RUJH1G0,dstandring2e@stumbleupon.com,180-327-4921,Pepi,Darcee,Standring,6/25/1981,Female,AG70
SBBY7F3,lcattlow2f@washingtonpost.com,492-849-9017,Rossy,Luciana,Cattlow,11/5/1971,Male,DQ89
MDNV8K8,nlambourn2g@psu.edu,678-540-1939,Krisha,Nissy,Lambourn,5/6/1984,Male,WD84
CDXV6N9,cpantone2h@blinklist.com,273-165-9740,Riley,Cosette,Pantone,8/13/1965,Male,PP39
TSYG8U2,ghasnney2i@npr.org,541-901-8355,Conny,Gracie,Hasnney,8/27/2016,Male,AM59
UKGF4V2,thasselby2j@usgs.gov,238-876-1053,Herold,Teressa,Hasselby,11/2/1954,Male,DJ50
HQXJ4T5,atellenbrok2k@washingtonpost.com,931-501-6877,Richmound,Amber,Tellenbrok,10/1/1998,Male,TM26
MPXA7H0,dgreenland2l@samsung.com,343-135-7770,Bord,Dora,Greenland,6/17/1996,Male,JU02
IRFY1A8,vmcvity2m@cdc.gov,927-747-4520,Janenna,Violante,McVity,5/18/1979,Female,UB56
UETY0D2,cmethingam2n@goo.gl,633-866-5053,Royal,Carry,Methingam,1/25/1956,Male,VQ29
NICC8O9,ccrispin2o@pinterest.com,662-161-0898,Meryl,Colline,Crispin,9/10/2001,Female,CX92
YGJN5O0,jwollen2p@prweb.com,295-777-9269,Modestine,Janet,Wollen,5/3/1998,Female,XK35
LPUF1K1,mmccarry2q@xinhuanet.com,864-562-5914,Tiff,Mala,McCarry,4/2/2014,Female,RO24
PNVO7T6,nrobins2r@cornell.edu,661-138-9449,Neile,Nicola,Robins,7/13/2001,Female,BV26
VFRY1D1,dvlasyuk2s@ibm.com,886-968-8798,Queenie,Daisy,Vlasyuk,11/1/1974,Female,DB65
NZLF8O1,ltrulocke2t@aboutads.info,248-540-2681,Ody,Lizbeth,Trulocke,11/28/1981,Male,CP26
QHKJ0N3,kbillo2u@elpais.com,253-168-5775,Denny,Katey,Billo,7/27/2020,Male,SR43
ASKI7D3,bpauls2v@meetup.com,817-628-0329,Gilligan,Barbe,Pauls,10/15/2010,Female,BA72
MCHX1J5,crugg2w@nih.gov,346-145-8746,Chelsy,Cinda,Rugg,2/10/1971,Female,DO26
XXAQ9X0,kkenner2x@pagesperso-orange.fr,673-714-1240,Enrique,Kissiah,Kenner,11/10/2001,Male,BH43
MOKA9B4,tfernandez2y@ft.com,641-645-4524,Derry,Ted,Fernandez,6/5/1993,Agender,JT81
GWVW7I0,mferrie2z@drupal.org,230-569-9139,Patrizia,Mufi,Ferrie,10/25/1996,Female,HW16
PLNH3H0,aleathwood30@feedburner.com,778-853-3504,Austina,Alvera,Leathwood,9/27/2008,Female,BW74
SCKO5T4,molliffe31@jugem.jp,756-765-5204,D'arcy,Mariya,Olliffe,5/19/1993,Male,KA48
OXVS6H5,oparaman32@live.com,720-653-7838,Ximenez,Olive,Paraman,9/7/1966,Male,RG87
SAQL9M3,nrennock33@spotify.com,401-276-6209,Marcy,Nessie,Rennock,9/29/1958,Female,DT69
KUEP4W1,jtopping34@statcounter.com,379-611-1901,Mirabel,Joyous,Topping,1/20/1956,Female,YL11
AQJO8K4,cheaney35@list-manage.com,652-752-4936,Illa,Camel,Heaney`,1/23/1964,Genderqueer,PZ21
WQWJ0M9,amalloch36@quantcast.com,689-233-1172,Ad,Audy,Malloch,11/19/1949,Male,WO04
GUBJ6O3,cexposito37@wufoo.com,389-379-9669,Fletch,Costanza,Exposito,5/23/2019,Male,BU25
QCFH2L9,pormes38@si.edu,422-853-6265,Karlik,Pet,Ormes,2/2/1995,Male,PZ45
LRFQ3T0,tabramovici39@businessweek.com,756-716-4170,Welbie,Theressa,Abramovici,2/15/1948,Male,KX62
PHAP7D7,mbirkett3a@mapy.cz,786-431-2640,Jamey,Murial,Birkett,6/25/1968,Male,ZM23
SWQK7T4,clast3b@angelfire.com,926-149-7882,Clem,Charity,Last,11/14/2006,Male,UT59
ZMLL1D5,jmacairt3c@simplemachines.org,750-972-4565,Ronnie,Judith,MacAirt,5/28/1972,Female,OV24
QYRH5B6,plohan3d@yolasite.com,979-459-3860,Fidole,Persis,Lohan,3/3/2011,Male,BT21
CQUT3G2,kcolkett3e@cisco.com,519-564-0739,Adan,Kara,Colkett,4/29/2017,Male,OV12
QCQR8C0,jplampeyn3f@sohu.com,969-505-5050,Guillermo,Jacquetta,Plampeyn,11/5/1971,Male,ZG13
LEZZ2A0,vhilland3g@census.gov,775-951-6923,Cy,Verena,Hilland,9/4/2000,Male,LU09
YNIJ3R7,vickowicz3h@geocities.com,362-391-3851,Shandeigh,Vivie,Ickowicz,4/12/2008,Polygender,BO94
JFOM5T9,klodge3i@salon.com,119-149-6647,Blondy,Kirstyn,Lodge,11/5/1971,Female,ZN48
AHIA2P4,lnovotna3j@blinklist.com,388-717-9785,Reid,Lesya,Novotna,11/30/1962,Male,XJ52
TBCZ4C9,irosbotham3k@un.org,301-387-1391,Terry,Inna,Rosbotham,7/6/1998,Male,AI05
USDE0B8,gfortnum3l@paginegialle.it,245-433-2825,Kamila,Gwennie,Fortnum,5/27/1963,Female,SB57
EDUG4P7,maddis3m@paypal.com,470-811-1702,Truman,Marylou,Addis,2/19/1982,Male,WC49
OPGH8H5,ykleinsinger3n@biblegateway.com,585-657-9882,De,Ynez,Kleinsinger,5/5/1961,Female,BL38
AZED6I1,mwaring3o@yale.edu,915-107-7918,Laryssa,Marti,Waring,5/26/2004,Female,CZ00
UQEB1C5,jbrainsby3p@seesaa.net,372-330-8330,Bari,Jobi,Brainsby,6/25/2005,Female,XC08
FFCX9Y2,lpahlsson3q@wordpress.com,411-656-4484,Cord,Lyndell,Pahlsson,2/11/1991,Male,YN23
PEGQ0D0,llansly3r@pcworld.com,416-230-2641,Wilt,Lorita,Lansly,3/21/1967,Male,WO80
QJLV5T0,aeam3s@bbb.org,146-847-3684,Leanor,Aindrea,Eam,6/6/1992,Female,FV72
IXOA2F9,jhazel3t@huffingtonpost.com,191-221-9494,Clarance,Jerrilee,Hazel,9/4/2000,Male,XE65
FGLR1F9,awiddowes3u@sina.com.cn,810-813-6220,Reid,Aurie,Widdowes,8/6/2010,Male,PG97
WAZZ3H1,pcroy3v@linkedin.com,442-403-3704,Shanan,Phelia,Croy,7/28/1978,Male,IE74
INYC1V3,mscamp3w@upenn.edu,203-740-9929,Patricio,Matty,Scamp,3/19/1975,Male,YL49
OJXG2F9,kricards3x@etsy.com,647-817-0868,Bjorn,Kati,Ricards,1/5/1967,Male,WI90
OELQ9Z7,bsketch3y@edublogs.org,455-768-9651,Kathie,Blondie,Sketch,8/18/2016,Female,AN76
UPPW9L6,rfarfull3z@ucsd.edu,883-279-9915,Anatole,Rasla,Farfull,1/23/1951,Male,XW91
EDAA3B8,dmottershaw40@nature.com,830-243-5267,James,Dot,Mottershaw,9/11/2003,Male,BI94
GHZO9W6,jbutchart41@ebay.co.uk,553-797-7995,Kori,Joell,Butchart,8/28/1999,Female,YY52
FNFA6N2,ajohnston42@cam.ac.uk,566-813-5807,Zora,Adrian,Johnston,6/6/2017,Female,WD42
KZQP8Q0,asalway43@blogs.com,513-801-5093,Shermie,Arlene,Salway,6/15/1991,Male,PK39
YJOJ2V0,ufoltin44@youtu.be,663-872-0713,Kass,Ulrica,Foltin,3/14/1996,Female,TY76
VZHD2A6,fgibling45@technorati.com,379-337-3841,Karol,Farand,Gibling,2/17/2003,Female,OY74
YCAE4M0,dhully46@oaic.gov.au,272-767-7014,Faber,Dolli,Hully,3/19/1976,Male,IH79
EWRS6S7,eoldershaw47@microsoft.com,544-846-1006,Roley,Erica,Oldershaw,8/27/2016,Male,AL65
IMEJ2H2,cdockray48@wiley.com,215-117-7497,Adrea,Claretta,Dockray,4/27/1949,Genderqueer,DQ20
CJQP6G8,amatuszewski49@networkadvertising.org,487-440-9593,Clyve,Augustina,Matuszewski,3/1/1994,Male,AB32
ROWA7Q3,fchallicum4a@ftc.gov,716-174-6870,Fawne,Fae,Challicum,12/17/2013,Female,EA22
HFOA2O4,aswiffen4b@youtube.com,449-883-9834,Veradis,Andreana,Swiffen,4/21/1971,Non-binary,WT98
VAWS6O9,vgrief4c@cbc.ca,530-360-9994,Allistir,Virgie,Grief,8/17/1945,Male,IJ36
MJNA2B4,pber4d@stanford.edu,141-198-3107,Domini,Pavla,Ber,8/12/1988,Female,QR89
GHVZ3S6,emalham4e@constantcontact.com,269-826-6676,Prescott,Elisha,Malham,2/2/1993,Male,AS91
OLZI8V1,bmaylor4f@theguardian.com,130-279-6377,Maxie,Breanne,Maylor,7/23/2020,Male,AU33
GUHZ4D3,aesche4g@wired.com,817-126-9287,Mavis,Ardella,Esche,11/7/1960,Female,AG24
IHPB6C9,ptorrejon4h@vinaora.com,589-696-4353,Ignacius,Phyllys,Torrejon,5/6/2004,Male,PZ42
FLZU4Z8,lwhitebrook4i@friendfeed.com,792-143-1310,Lenee,Lydia,Whitebrook,9/16/1972,Female,RX83
QSTB2X0,gyuryichev4j@plala.or.jp,258-653-0038,Emmaline,Gelya,Yuryichev,8/11/1998,Female,UJ58
MAOV1J9,gsavine4k@google.co.jp,165-724-5911,Caitlin,Giorgia,Savine,11/23/1996,Female,ZU70
XBOE7J2,fchecchetelli4l@japanpost.jp,816-671-5140,Shawnee,Fanni,Checchetelli,5/21/1958,Female,BI57
XCBN7T2,cscholer4m@addtoany.com,861-692-3800,Pace,Cynthy,Scholer,5/18/1985,Male,NV64
ETND8P7,dabbotson4n@ucoz.com,955-305-4355,Fernande,Debra,Abbotson,4/21/1956,Female,YE87
AEKV4X5,ealbisser4o@pen.io,769-807-6639,Mordy,Elayne,Albisser,2/6/1952,Male,YD53
OPXZ6I3,lfarnorth4p@domainmarket.com,925-721-2631,Jamey,Lexine,Farnorth,9/17/1963,Male,UI89
NVWQ6C5,alabrum4q@baidu.com,898-880-1105,Anne-marie,Annabella,Labrum,8/29/1979,Female,UC61
BQEV8E2,mmcphillimey4r@wsj.com,875-839-7659,Jamie,Malynda,McPhillimey,11/28/1981,Female,KH50
XDGW6X1,imussard4s@npr.org,588-262-8311,Paulie,Issy,Mussard,12/24/1984,Female,CQ37
SYPO2F3,epilsbury4t@github.io,160-609-0647,Brien,Edita,Pilsbury,7/10/1959,Male,ZR55
CZSY7N8,mkhomin4u@adobe.com,232-985-4812,Moe,Melisandra,Khomin,3/17/1989,Male,EG67
OBXU2Z1,bwhyke4v@amazon.de,490-328-1792,Padraig,Brinn,Whyke,12/6/2008,Male,NB77
XDMG7S0,vwinstanley4w@weather.com,479-295-9062,Melloney,Vallie,Winstanley,5/14/2013,Polygender,LR96
ZFLO7Y3,dgeorgeau4x@unicef.org,130-404-0534,Rich,Dorothea,Georgeau,8/25/1956,Non-binary,AM28
MWFN8O2,dprydie4y@github.io,453-883-0350,Zsa zsa,Devi,Prydie,12/25/2016,Female,CF86
MOFI8J8,kcohen4z@sohu.com,320-918-6445,Burk,Kalli,Cohen,2/22/2017,Genderfluid,DF71
OZYV3P0,lfranklyn50@hc360.com,764-344-6137,Noam,Lorie,Franklyn,9/4/2006,Male,IX55
ZUAJ4J4,nabbison51@etsy.com,517-409-5221,Ky,Nelia,Abbison,12/15/1972,Male,GR81
VTYM1T0,kwhotton52@howstuffworks.com,765-606-9410,Jacintha,Katerine,Whotton,12/10/1973,Female,FU72
GSUQ0T6,atwine53@amazon.com,405-479-7923,Mala,Andee,Twine,2/18/1993,Female,WA90
QWDG7S8,areicharz54@angelfire.com,956-988-9603,Buffy,Alys,Reicharz,10/14/1960,Genderfluid,RJ47
JHBX3J1,edenham55@youku.com,467-490-3240,Nanice,Elisabet,Denham,5/19/1984,Female,MH68
FPVC5Y6,mgirard56@sciencedaily.com,151-163-1909,Gail,Myrle,Girard,2/4/1985,Male,LI16
NSFH2J9,carzu57@vkontakte.ru,290-275-3579,Jeno,Ceciley,Arzu,4/16/1977,Male,UI76
ZCVA8J5,gtott58@java.com,766-148-7124,Jackelyn,Garnette,Tott,5/10/1951,Bigender,UU27
WAHR6N0,ssprigings59@illinois.edu,286-596-5899,Quent,Shanna,Sprigings,8/15/1966,Male,VI06
VVQC0I4,cbrunskill5a@free.fr,386-990-4061,Goddart,Claudetta,Brunskill,6/13/1960,Male,SE98
IGHA8V4,ahammand5b@mit.edu,349-170-4896,Reggis,Aubrey,Hammand,10/11/1995,Male,XD62
QHLZ3J2,olantiff5c@barnesandnoble.com,377-589-9942,Dorene,Odelle,Lantiff,6/9/1977,Polygender,VJ35
VFWW2F0,lbeevers5d@imgur.com,675-118-6660,Eunice,Lusa,Beevers,10/23/1982,Female,CK78
GBWE6G5,mnadin5e@uiuc.edu,645-345-5545,Johnathan,Mufi,Nadin,3/17/1986,Male,WH44
HPJH7T0,efearne5f@cpanel.net,599-359-0049,Luca,Emiline,Fearne,8/2/2009,Male,ID83
CUNC9P1,vchrispin5g@umich.edu,674-874-0056,Ethelbert,Vivyanne,Chrispin,9/14/1959,Male,QN58
FZAI0L0,lwardrop5h@naver.com,724-228-0186,Torey,Lorelle,Wardrop,1/31/1953,Female,WQ58
LTNA6Y8,fsevers5i@oracle.com,896-790-1615,Fiona,Ferdinande,Severs,5/14/1999,Female,XR75
OLBG3G6,tprin5j@nhs.uk,492-745-1534,Garwin,Toma,Prin,1/31/2007,Male,QC61
RHRN4J9,hpacke5k@java.com,236-721-2672,Kelvin,Hope,Packe,6/30/1962,Male,YG01
QFFN6F7,smcalarney5l@hibu.com,240-121-9438,Jorrie,Shaun,McAlarney,9/24/2012,Female,OM00
JPVK6L5,hmasseo5m@icio.us,845-549-2582,Wadsworth,Hildagarde,Masseo,7/17/2017,Male,SI32
ZWLE2B5,fbeedell5n@independent.co.uk,273-545-3979,Gabi,Fleur,Beedell,1/25/1956,Male,ZP10
NKVQ9M5,ssauvan5o@ucla.edu,127-649-1421,Lurleen,Samara,Sauvan,4/26/1991,Female,SK49
ETZI4I2,rarbuckel5p@usa.gov,682-497-4121,Ora,Rory,Arbuckel,5/5/2012,Female,GB26
DURG3Q8,mungerer5q@timesonline.co.uk,938-866-8824,Delmore,Mariette,Ungerer,11/3/1945,Male,YJ26
OJOX7I4,mbrizland5r@rediff.com,781-582-6314,Paolina,Melba,Brizland,11/7/1977,Female,JA34
DJJS6C0,cgraysmark5s@booking.com,333-738-7632,Tiebold,Camile,Graysmark,8/17/1984,Male,WY45
YMGF5T6,dfairholm5t@wikispaces.com,886-419-9039,Ad,Drusie,Fairholm,12/11/1964,Male,JB58
HABR7M9,agytesham5u@digg.com,513-161-4132,Dody,Ariadne,Gytesham,3/17/1986,Female,DL42
VVRJ3R5,lhosburn5v@bizjournals.com,903-546-0526,Sigmund,Lark,Hosburn,6/9/1959,Male,TS54
SPFZ1X5,cportchmouth5w@youtube.com,202-996-3264,Sid,Cordie,Portchmouth,8/29/2011,Agender,AZ80
PJVY7H0,mlegerwood5x@163.com,553-383-4211,Umberto,Maiga,Legerwood,9/20/1955,Male,XM31
QAGT1R4,tisaksen5y@prlog.org,804-847-2932,Enrica,Teddie,Isaksen,11/18/1964,Female,PO42
VPTB4W3,kirdale5z@123-reg.co.uk,694-504-6302,Tiffani,Kellen,Irdale,5/10/1947,Female,VS59
DJKP6S3,ldanniell60@dmoz.org,385-739-3694,Vincenz,Lanna,Danniell,12/17/2013,Male,CO99
DGZB0L7,lmillmoe61@surveymonkey.com,468-526-4098,Willy,Leia,Millmoe,1/29/1978,Male,NS35
RXCE1Z1,amarch62@seattletimes.com,834-472-6515,Lanni,Alfreda,March,11/12/2019,Female,LC64
DDGW8H4,lfreathy63@foxnews.com,754-966-6256,Roze,Lilia,Freathy,1/25/1956,Female,ZX92
MRUI2O0,vklimkov64@e-recht24.de,244-251-9504,Debbie,Vittoria,Klimkov,2/26/1952,Female,VE84
KZUA7Y3,ajeyness65@angelfire.com,563-190-8630,Parsifal,Audie,Jeyness,10/9/1975,Male,IH95
ICQX1H0,troelvink66@businesswire.com,112-117-0232,Skipper,Trudi,Roelvink,12/22/2010,Male,IG78
YMWV7N9,rnortcliffe67@theglobeandmail.com,109-222-7593,Godfry,Rosalind,Nortcliffe,9/13/1960,Male,EF91
ZQLX4G6,cpimme68@skype.com,845-411-0270,Tamarah,Cherry,Pimme,7/12/1978,Female,OO07
TUXU3A9,jjanowski69@mozilla.org,218-559-5039,Gallagher,Joye,Janowski,2/11/1991,Male,FK40
XWVC4F8,lkebell6a@about.com,993-706-1654,Mervin,Lidia,Kebell,2/4/1985,Male,UK98
DPZH2J3,cgrayne6b@oaic.gov.au,344-314-0858,Elinor,Cherey,Grayne,1/31/1971,Polygender,QA97
GYWH8H3,lhallex6c@yale.edu,996-869-7579,Arvin,Lucia,Hallex,1/29/2002,Male,UM30
PYBE0W4,askaid6d@chronoengine.com,708-403-9902,Isa,Antonetta,Skaid,8/15/1966,Male,SZ94
TJBJ2Y3,tpaprotny6e@slashdot.org,478-365-0747,Lucio,Tiffani,Paprotny,4/28/1949,Male,CC95
EBMS5R4,clanbertoni6f@oracle.com,341-309-5671,Scottie,Calla,Lanbertoni,1/20/1956,Male,ZP65
BXAU5Q0,vreede6g@pinterest.com,628-646-7598,Franzen,Vera,Reede,3/30/1969,Non-binary,LE67
XQQB5R5,kfilgate6h@earthlink.net,123-512-7733,Heida,Kitty,Filgate,6/6/2017,Female,LT18
FDYX6L6,etemporal6i@hc360.com,431-382-6774,Feodor,Enriqueta,Temporal,4/30/1982,Non-binary,ML16
PWXJ8A8,credpath6j@bravesites.com,984-328-1913,Trip,Cecile,Redpath,7/16/1983,Male,NU96
PAZL2X4,achallicombe6k@imageshack.us,631-274-8980,Earvin,Angy,Challicombe,9/2/2017,Male,ZV61
JITR7Z7,lfairham6l@jiathis.com,776-376-4389,Peter,Lu,Fairham,8/15/1966,Male,AU69
OZVB6C3,msextie6m@scribd.com,265-371-8045,Tracey,Maurise,Sextie,7/21/2012,Male,DB01
ZJLN8V6,dshooter6n@lycos.com,477-547-5687,Dana,Dona,Shooter,11/10/1947,Female,TO68
RVNI1P9,ldowdeswell6o@behance.net,206-589-7627,Marita,Leola,Dowdeswell,3/9/2011,Female,FC80
MXAH3F9,lsnaden6p@comsenz.com,114-411-0877,Roseline,Lind,Snaden,11/6/1980,Female,PS12
QLKI4I0,lnibley6q@smugmug.com,497-768-8285,Giorgio,Lauree,Nibley,5/28/1980,Male,EA68
XBEL5P5,iroz6r@sogou.com,736-236-1198,Irina,Imojean,Roz,1/15/1961,Agender,OA21
MHTH3L3,rheinig6s@usda.gov,922-321-6454,Helaina,Ronalda,Heinig,4/21/1971,Female,XF45
BFTI4G7,bscoffins6t@bbc.co.uk,262-542-4243,Benedicta,Babs,Scoffins,12/4/1949,Female,BZ72
KSYQ2L1,hpauletto6u@mit.edu,278-977-9217,Tess,Haleigh,Pauletto,10/20/1995,Female,HV48
VPAF8G5,kreef6v@so-net.ne.jp,282-928-5656,Kore,Kelcey,Reef,12/25/1973,Female,AT37
VILZ4D1,cforgie6w@fastcompany.com,193-294-9804,Godard,Carilyn,Forgie,2/3/1954,Genderfluid,TS30
VSVN7G6,vhaysey6x@mtv.com,208-414-2935,Gabie,Valery,Haysey,5/16/1953,Female,GD94
RNQF1P1,eissacson6y@epa.gov,746-229-2351,Charmain,Eleonore,Issacson,3/16/1982,Female,AX54
YOEH4J4,mtrahair6z@is.gd,169-519-1116,Carey,Mina,Trahair,5/12/2006,Bigender,MS79
ESWY2G8,mdoncaster70@hugedomains.com,825-374-8322,Maris,Marrissa,Doncaster,7/7/1997,Female,BC92
FXCG4D0,iagget71@digg.com,718-994-8188,Birdie,Isobel,Agget,10/6/2009,Female,LL14
YFVS1Q1,caslin72@mac.com,930-857-5620,Trix,Cilka,Aslin,3/4/1967,Female,KR08
QJCQ0B7,kmacbain73@japanpost.jp,401-505-7750,Brigida,Kari,MacBain,7/20/1959,Female,PP59
UHTC8H1,eterren74@ox.ac.uk,877-402-4433,Annabel,Estele,Terren,3/5/1993,Female,SX99
ABIN0L2,abedward75@yale.edu,610-634-9671,Breena,Abbi,Bedward,6/4/1990,Female,QL04
OLRM0B4,mbartolomeo76@gizmodo.com,412-449-5840,Jessa,Morgan,Bartolomeo,1/9/1951,Female,FR66
HYJK4Y6,aealden77@opera.com,554-522-1190,Trudy,Anette,Ealden,7/13/2016,Female,BS62
POWJ4G5,dmatchett78@ycombinator.com,486-786-1802,Jabez,Drusi,Matchett,1/15/2011,Male,VL04
HERX4X9,mfeldmus79@nytimes.com,884-582-5945,Charla,Melinda,Feldmus,2/16/1978,Female,MV21
IKJZ0D6,dgrindall7a@unesco.org,143-117-3312,Rachael,Diane-marie,Grindall,8/8/1991,Female,HO47
ISUE0B6,jhillin7b@pcworld.com,888-451-9425,Dorry,Janella,Hillin,2/22/2017,Female,RB50
CTVA9Y8,ggentery7c@slideshare.net,108-903-3637,Claudian,Guglielma,Gentery,11/11/1966,Male,WD26
HBET7D6,dkilpatrick7d@netlog.com,146-606-4817,Gail,Delphinia,Kilpatrick,6/14/1974,Female,AV65
FWRO4Z5,yferrierio7e@blogspot.com,102-872-6607,Agnella,Ysabel,Ferrierio,7/29/1951,Female,JR01
DFJE1B3,mseaborn7f@booking.com,545-546-5284,Patsy,Mitzi,Seaborn,5/1/1948,Male,TF12
RHFD2G4,sosesnane7g@dailymotion.com,953-870-8384,Augusto,Sunshine,O'Sesnane,5/8/1958,Male,IC42
HRZL3B5,gcastagnasso7h@go.com,117-418-1576,Darlleen,Gayleen,Castagnasso,1/29/2002,Female,OY67
ETTF5H5,ldocharty7i@weebly.com,559-488-1807,Theodore,Lorelei,Docharty,9/16/1972,Genderqueer,ZC16
NSZA1K0,wdelhay7j@slashdot.org,544-248-0009,Kelcy,Wynne,Delhay,1/17/1991,Female,BZ27
FHLO2B5,ptimothy7k@clickbank.net,303-499-6309,Nobie,Pammy,Timothy,6/10/2003,Male,BI61
PWTB6I5,mprattington7l@skype.com,854-378-7941,Winonah,Marleen,Prattington,6/28/1992,Female,XX58
KETE3N5,bennew7m@dion.ne.jp,485-948-2402,Olivier,Babita,Ennew,6/14/1974,Male,MH37
QGXT6I3,jcristoferi7n@cafepress.com,217-693-3815,Glendon,Jacki,Cristoferi,8/17/1945,Male,MJ50
TLRA8C4,cmccolley7o@cam.ac.uk,952-559-4758,Nicolis,Christi,McColley,5/13/1980,Male,ZE52
JXCR5J0,bhenrie7p@free.fr,501-573-5401,Karim,Bibby,Henrie,1/23/2017,Male,MI36
LSVT4D0,rbaumadier7q@dailymail.co.uk,720-900-6665,Bailie,Ronda,Baumadier,9/16/2003,Male,LQ86
WKFG9N1,rsertin7r@samsung.com,521-954-2188,Lona,Ree,Sertin,5/8/1958,Female,MB36
RDPQ7X5,awillimot7s@usgs.gov,235-749-9620,Delmar,Anneliese,Willimot,5/19/1993,Male,TE31
KWSQ8B2,dbolding7t@chron.com,456-767-8686,Hilliary,Devin,Bolding,3/30/1969,Female,TZ07
QHLD2G2,ptoothill7u@imageshack.us,808-835-9664,Veronike,Paloma,Toothill,11/22/1974,Bigender,NC50
KVJF4E4,fsamweyes7v@ocn.ne.jp,881-498-1088,Lodovico,Floris,Samweyes,9/26/1980,Male,NN36
ECPC3P5,ptreat7w@cornell.edu,962-500-2256,Anthony,Paolina,Treat,5/19/1993,Male,PN28
PUBZ4U8,mdodswell7x@biblegateway.com,515-127-1519,Dalenna,Minette,Dodswell,11/1/1974,Female,IB81
ZVPN1H2,jcannop7y@msn.com,168-898-3648,Virgilio,Janie,Cannop,1/21/2000,Male,JR05
IXYP6C8,tbent7z@microsoft.com,143-867-5980,Ina,Teresa,Bent,4/30/1982,Female,PX85
MLIB1G0,fheisham80@pcworld.com,650-905-1903,Amandie,Florella,Heisham,1/10/2009,Female,GC09
RHBL3G3,gfantin81@wired.com,815-450-2075,Cecil,Golda,Fantin,11/10/1959,Male,GV07
KAEM9I2,crockwell82@gov.uk,814-296-9945,Rutter,Clarisse,Rockwell,1/5/1993,Male,RB07
WPHT1W6,agrono83@sfgate.com,772-470-5471,Inger,Adelice,Grono,1/17/1991,Non-binary,CQ86
OBCU2O9,gbrotheridge84@nifty.com,599-744-2605,Karney,Gabbey,Brotheridge,1/8/1997,Male,JS40
SAUF3L3,mcharlton85@cam.ac.uk,423-279-9668,Wilfrid,Muriel,Charlton,7/26/1957,Male,UZ36
GRHJ4M2,jhacquard86@netlog.com,531-170-3564,Dolorita,Joannes,Hacquard,6/15/1991,Female,AO29
MEIZ7K7,lblade87@weebly.com,708-844-5155,Ransom,Lucila,Blade,11/30/1962,Male,CF32
LSOH6J5,lbenian88@nifty.com,403-239-9991,Dolf,Liesa,Benian,5/6/1984,Male,FV09
PPWL0X4,achardin89@comsenz.com,113-703-9462,Denver,Ainslie,Chardin,5/29/1957,Male,QG88
BQVL4F5,dhendrik8a@nature.com,571-838-6567,Elinore,Dacy,Hendrik,7/29/1951,Female,YP63
WPYK5C2,asutton8b@imageshack.us,872-704-6826,Artair,Ava,Sutton,1/20/2000,Male,PY32
NZLA8G1,amea8c@amazon.com,691-245-1851,Marvin,Aindrea,Mea,10/14/1952,Male,XU94
MUAE6I0,nglendenning8d@nifty.com,432-805-6261,Sonny,Nichol,Glendenning,3/14/1959,Female,AE71
GXSV9A4,gmccarthy8e@skyrock.com,442-536-9594,Juliette,Gwendolen,McCarthy,3/18/1949,Female,ZR88
JKEQ3L9,kcervantes8f@angelfire.com,420-294-6912,Carmen,Kristina,Cervantes,4/2/2014,Female,ZN47
KZXZ0E1,lgrimwad8g@nationalgeographic.com,152-614-3154,Aleece,Lynelle,Grimwad,1/5/1967,Female,BA34
ORJL5V0,jgoreisr8h@virginia.edu,892-161-0974,Bennie,Jeri,Goreisr,9/13/1960,Male,KT74
VISI7F0,amarkova8i@addthis.com,843-222-6797,Nickolaus,Anjela,Markova,5/16/2009,Male,GR54
LDRD1U5,rmower8j@nationalgeographic.com,586-877-3525,Whitney,Rosabella,Mower,8/18/2016,Female,IV22
GKOH4C6,pfraczek8k@bloglines.com,618-233-2472,Farris,Phoebe,Fraczek,10/25/2003,Male,XH97
JMWV7M1,vgull8l@mlb.com,110-969-6643,Abbott,Venita,Gull,8/25/1956,Male,KF53
LQMM4A6,spinson8m@youku.com,911-812-4708,Hurleigh,Sandy,Pinson,3/14/1969,Male,UW89
LDXR1T2,rcasse8n@google.com.au,572-465-5806,Vita,Rhona,Casse,8/26/1972,Female,UF78
DUZM4S0,emoreton8o@ucoz.com,633-439-1070,Licha,Ekaterina,Moreton,11/11/1965,Female,ZB13
DWEZ7R4,mweth8p@arizona.edu,136-283-3002,Leland,Malory,Weth,1/30/1954,Male,QW00
WKUW8R5,ivarndell8q@marriott.com,513-981-9647,Winne,Imelda,Varndell,10/15/1955,Female,GB47
PCCE9U1,rmabbot8r@engadget.com,234-504-1316,Kassi,Rosana,Mabbot,2/21/2004,Female,QJ60
NPNQ0C4,cplease8s@bbc.co.uk,335-138-7470,Curcio,Corette,Please,11/22/1952,Male,ZT90
RWXB6T1,astatersfield8t@trellian.com,974-210-5221,Annette,Andreana,Statersfield,7/10/1959,Female,TH31
VITV2Y5,tendersby8u@php.net,557-848-1706,Guinna,Tildy,Endersby,12/8/2014,Female,MU63
JSCB6V8,cohogertie8v@statcounter.com,401-261-4449,Raine,Chelsea,O'Hogertie,10/29/1962,Female,UK65
USEE9E6,ccouroy8w@infoseek.co.jp,305-816-5145,Linc,Chere,Couroy,5/10/1947,Genderfluid,WR95
NBXC2H7,bquartly8x@europa.eu,277-403-0921,Darcy,Brett,Quartly,6/24/1962,Male,RJ83
MUCD4M3,dhillin8y@sfgate.com,647-277-7591,Wilbur,Dulce,Hillin,4/8/1976,Male,BK53
JEVL5J1,jantrum8z@eepurl.com,613-280-5888,Ken,Jehanna,Antrum,3/13/1960,Male,KH68
MMYO5G0,jlink90@qq.com,554-978-0641,Claudetta,Jaimie,Link,4/21/1956,Female,JO63
VFCS2I7,sburker91@nih.gov,883-437-2540,Karita,Stella,Burker,11/28/1981,Female,MY24
ZLFX0D1,cmccrie92@smh.com.au,916-308-5793,Pamela,Corissa,McCrie,6/22/2005,Agender,WP16
SFHJ6L7,ddyshart93@spiegel.de,975-860-8077,Gabi,Dominique,Dyshart,1/8/1997,Male,LB76
NKKW4D4,apietasch94@dedecms.com,312-458-5703,Grethel,Aarika,Pietasch,7/17/2008,Female,IJ52
KWMB6N3,vpoppleston95@merriam-webster.com,238-709-6992,Marianna,Valaria,Poppleston,11/20/2010,Female,WA43
HTWN9Z5,giapico96@nhs.uk,213-638-0580,Nancy,Gwynne,Iapico,4/26/2001,Female,GV25
QJQX3H3,cschieferstein97@si.edu,295-271-2421,Kris,Cody,Schieferstein,2/19/1982,Female,OM20
EXGT4I4,kcrippes98@hhs.gov,358-891-7312,Thorn,Karena,Crippes,12/15/1975,Male,XC60
FSQE5P7,tpinnion99@google.es,482-417-9352,Lombard,Tanya,Pinnion,11/14/2001,Male,PR59
VNGF8N6,tdockwray9a@pagesperso-orange.fr,612-693-9296,Annette,Tracy,Dockwray,11/12/1953,Female,BH10
GKSF4A0,tbasezzi9b@github.com,858-851-5827,Jarvis,Terri-jo,Basezzi,3/29/1948,Male,LE21
ZGGA0U6,mkarpinski9c@exblog.jp,593-624-9273,Sayers,Maxi,Karpinski,4/26/2001,Male,XC55
HYDX0H5,lgregolotti9d@google.co.jp,697-326-0947,Udall,Leena,Gregolotti,5/9/1970,Male,CV32
BEIL7X5,rabeles9e@mozilla.com,157-182-7967,Sissy,Rhoda,Abeles,11/5/2011,Female,PM66
MLFZ6H7,tmassard9f@linkedin.com,286-545-7039,Lurleen,Tallia,Massard,8/14/1961,Female,EV77
YNTY1M3,lraubenheimer9g@youtube.com,224-492-4050,Tiff,Leann,Raubenheimer,9/12/1997,Female,RI35
MNQB9N9,hrabl9h@weibo.com,355-882-3783,Franky,Hannie,Rabl,11/3/2007,Female,GC94
NZAQ1M3,cchappelow9i@rambler.ru,539-212-2025,Brandice,Cynthy,Chappelow,12/5/1995,Female,YD74
CWEQ7F9,hputland9j@bing.com,155-241-8315,Sophia,Hanni,Putland,12/18/2006,Female,PI06
FSFN5L4,jsteggals9k@fc2.com,565-552-5045,Rafferty,Jaquenette,Steggals,5/24/1987,Male,GB55
LYPT5M0,rveillard9l@hud.gov,169-699-1213,Sheree,Rosella,Veillard,5/28/1980,Female,HY91
TEHG5R1,sgauchier9m@nytimes.com,752-776-0959,Rance,Sophie,Gauchier,4/4/1977,Male,XW36
HEHV7D7,lbedboro9n@blinklist.com,247-490-8168,Lodovico,Lesly,Bedboro,6/29/1947,Bigender,SE83
VBXV5R5,jmulvany9o@hatena.ne.jp,950-195-7419,Yolane,Jessalyn,Mulvany,12/31/1950,Female,CT72
LKQE8Z3,bbleasdille9p@wordpress.org,968-406-9057,Fionna,Brita,Bleasdille,11/13/1989,Female,CQ69
ODUM4N9,mbulfit9q@gravatar.com,570-474-2892,Lothaire,Muffin,Bulfit,5/9/1985,Male,AK47
MSPB7U8,cconrard9r@miitbeian.gov.cn,690-701-5434,Jeannine,Cordy,Conrard,11/13/1993,Female,EU78
SDNP4H8,dabramamov9s@salon.com,152-384-9066,Molli,Donella,Abramamov,8/7/2018,Female,HH67
FOVX7A4,cgreenrde9t@360.cn,479-452-1606,Arin,Catina,Greenrde,4/26/1976,Male,BF40
HRCV4Q9,narnson9u@ifeng.com,890-923-6323,Shermy,Nicolina,Arnson,7/10/2002,Male,YP60
FWBD6R9,nbarus9v@adobe.com,828-100-6344,Merilyn,Nikolia,Barus,9/8/1989,Female,GS89
LGQQ0N8,aaiken9w@nymag.com,937-843-5396,Waldemar,Ashil,Aiken,5/2/1979,Male,QK53
LELZ0E4,gfigura9x@nbcnews.com,286-707-7192,Dolph,Grier,Figura,1/14/2001,Male,JB79
RURS0H1,hbabington9y@java.com,117-427-8062,Hamel,Hyacinthie,Babington,1/9/1969,Male,IB17
VFFX7Q4,mhelin9z@gizmodo.com,694-388-2836,Ramon,Maurene,Helin,11/16/1998,Male,RY98
OTZM2C7,jbradshawa0@bloomberg.com,329-854-4108,Estevan,Jocelyn,Bradshaw,3/9/2011,Male,TM32
KTBB9T9,svendittia1@usatoday.com,266-182-2998,Maribelle,Stacee,Venditti,3/27/1971,Genderqueer,KE41
HIGX4Y6,ociciottia2@cmu.edu,613-327-1059,Elsinore,Onida,Ciciotti,11/5/1990,Female,WS01
AMSZ0R1,itommasia3@howstuffworks.com,376-722-5840,Pauly,Inna,Tommasi,9/26/1984,Genderfluid,LC44
ASDG9I7,dwakehama4@whitehouse.gov,156-377-1550,Dotty,Drusy,Wakeham,4/30/1949,Female,IN92
IEGB5X6,efredsona5@bravesites.com,200-575-7386,Reena,Emylee,Fredson,5/18/1979,Female,ZP06
DDQU7B2,wcarcasa6@acquirethisname.com,588-942-9347,Killie,Wilona,Carcas,6/15/1993,Male,SQ29
LXQW6Q6,achartresa7@tinypic.com,485-908-4709,Axel,Alecia,Chartres,8/28/1999,Male,JP52
ROXT5A1,lvannera8@bing.com,707-548-1339,Erich,Letta,Vanner,7/11/1978,Male,KR25
ASIR9U6,vwaitea9@1und1.de,970-743-3666,Cully,Valma,Waite,8/3/1973,Male,DC14
FXYJ7Q3,sdowearsaa@biglobe.ne.jp,831-186-9950,Berny,Stephi,Dowears,9/17/1970,Female,VZ01
AGLQ5S6,esleemanab@free.fr,151-716-9781,Raymund,Evy,Sleeman,4/10/1978,Male,LS78
PKSN6S6,mhorbartac@bloglovin.com,606-831-4936,Gillie,Moll,Horbart,11/12/2001,Female,OS48
USFK9T9,zclemmensenad@examiner.com,246-578-7034,Osbourne,Zita,Clemmensen,12/2/1971,Male,PT89
IWXB1C2,rcharlsonae@vimeo.com,472-261-9466,Reese,Randy,Charlson,8/23/2016,Male,SH77
XSMV1T6,mboullinaf@creativecommons.org,281-379-7005,Harcourt,Minny,Boullin,1/7/2010,Male,IT17
ZFBI9F0,glambardag@smugmug.com,616-979-9891,Nyssa,Gabriela,Lambard,11/12/2019,Genderfluid,OL15
VZHO7V1,lstansbyah@last.fm,270-115-4970,Venus,Linnell,Stansby,2/3/2018,Female,OU86
BTTZ9G6,alawrinsonai@g.co,295-873-4077,Reg,Allsun,Lawrinson,6/30/1959,Male,YN80
XSFD8J6,nsandwickaj@goodreads.com,282-117-8719,Konstanze,Nance,Sandwick,8/30/2011,Female,HV63
EWYH5P2,ylavertyak@google.de,665-469-2581,Durand,Yettie,Laverty,7/26/1946,Male,IO83
RJAM1I8,oadieal@elpais.com,432-669-6405,Felipe,Odelia,Adie,7/13/2016,Male,DB47
FWSL1G4,jcardusam@marketwatch.com,593-352-7265,Elias,Jorry,Cardus,4/30/1982,Male,PS62
PIJN7E1,dpoonan@free.fr,166-948-7188,Dianna,Deeyn,Poon,1/22/1945,Female,OJ78
TDYW1T4,rmendusao@cisco.com,755-410-6197,Luigi,Robinia,Mendus,9/16/2003,Genderqueer,QF95
VNYL5X1,nglenfieldap@baidu.com,796-975-1920,Lina,Nicoli,Glenfield,8/27/1993,Female,HX80
FUXZ0K6,jormshawaq@dion.ne.jp,780-980-6345,Mal,Jodie,Ormshaw,3/16/1982,Male,IA75
MQOY1V0,jleavoldar@kickstarter.com,560-849-0997,Hastings,Jo-ann,Leavold,12/3/1952,Male,GO09
TVVZ7W9,sunderwoodas@vimeo.com,152-755-8829,Fleurette,Stevena,Underwood,2/26/1952,Genderfluid,AD83
KRHM0F0,kcollingat@phoca.cz,636-914-7148,Ozzie,Kamillah,Colling,12/11/1951,Male,BY58
XVZZ5E2,dwanleyau@jalbum.net,563-575-0242,Karalee,Dasie,Wanley,7/13/2016,Female,ST35
IPZD2X2,ningallav@nyu.edu,591-570-9235,Phineas,Ninette,Ingall,8/19/1983,Male,RM95
ZCEQ3C0,mbraidmanaw@networkadvertising.org,916-445-7977,Izzy,Margarette,Braidman,9/4/1968,Male,CH05
HXIA5X1,scredlandax@google.ru,300-751-4005,Perceval,Shae,Credland,8/30/1957,Male,YO60
LYCU8J9,rdrinkallay@mail.ru,222-317-0985,Bev,Rochette,Drinkall,8/17/1945,Female,EU89
DJBG1R3,wmaunsellaz@goodreads.com,846-507-2494,Rosa,Wileen,Maunsell,11/9/1969,Female,VJ75
LCHM2O6,ucattlowb0@google.de,830-756-7489,Quincy,Ursa,Cattlow,8/2/1947,Male,ML77
MPAZ3E7,astreatb1@kickstarter.com,249-736-2306,Tannie,Adel,Streat,2/27/1981,Male,ZO86
MPFZ2Z9,fimlochb2@skyrock.com,522-141-2382,Thibaut,Florina,Imloch,11/1/1970,Male,VT13
TWBF5P0,ethoringtonb3@forbes.com,434-553-4402,Broderick,Elvira,Thorington,9/18/1998,Male,PS01
NQPL2L9,iboyleb4@stanford.edu,773-719-8515,Josepha,Ivonne,Boyle,9/5/1950,Female,OL01
OSJZ9S4,bmityashinb5@bizjournals.com,721-683-8544,Moe,Bettina,Mityashin,3/15/2014,Agender,ZH98
UMJU6T2,mdaglessb6@biblegateway.com,802-373-6195,Morrie,Margaux,Dagless,1/24/2016,Male,CK53
VQUU6P9,nfendb7@answers.com,745-167-2293,Manuel,Nananne,Fend,7/7/2001,Male,IP44
ZOTS3R1,dparrottb8@myspace.com,812-971-6213,Irena,Donella,Parrott,8/14/2000,Female,AA47
FXWH1B9,ccoopeb9@elpais.com,738-164-7391,Robbie,Catarina,Coope,7/16/1999,Female,RO36
EWJW1I6,nuzielliba@friendfeed.com,464-659-7153,Celina,Nelli,Uzielli,3/5/1993,Female,ER32
VPAQ7U8,abedminsterbb@technorati.com,801-964-1458,Chucho,Amalia,Bedminster,6/12/1970,Male,OM26
PYWB3U8,aletteresebc@elpais.com,735-350-8385,Blanche,Aloise,Letterese,9/8/2000,Female,RE43
JBRW4V4,selijahubd@histats.com,855-320-3946,Asher,Sisely,Elijahu,9/12/1959,Male,BI71
GRQU4P6,rgagenbe@sakura.ne.jp,179-407-7050,Guillema,Rochette,Gagen,12/14/2003,Female,RG50
TPEE2B3,epedrocchibf@youku.com,337-724-7294,Cookie,Esme,Pedrocchi,9/8/1973,Female,RF21
MLFX9J2,grawcliffbg@devhub.com,718-184-8715,Lin,Gwendolin,Rawcliff,12/7/1959,Male,WD84
HGDL3O5,nchesonbh@rakuten.co.jp,262-332-9905,Bell,Nickie,Cheson,8/28/2003,Female,ZT53
EUJL4C5,cfairhambi@china.com.cn,234-856-7794,Binky,Carlie,Fairham,2/23/1983,Male,DU10
OHGF2X9,dmattionibj@ezinearticles.com,253-933-1357,Allx,Daniella,Mattioni,6/30/1959,Female,PU59
YAQD8R8,cboaterbk@nyu.edu,564-619-7077,Sharline,Cathrine,Boater,6/26/2001,Female,EQ74
FQVX5O9,hgrinterbl@squidoo.com,743-532-5170,Morty,Heloise,Grinter,11/13/1982,Non-binary,QB41
BSGX9R3,rbrandibm@about.me,669-375-1295,Leigha,Riane,Brandi,7/26/1946,Female,IH68
XEVX3K9,lstanlackbn@cyberchimps.com,612-464-3515,Saunderson,Lindsey,Stanlack,8/10/1997,Male,OJ92
GJQB1J6,dbraderbo@ed.gov,168-304-6097,Suellen,Datha,Brader,8/3/1988,Female,DU26
MZFT6C4,ebroomhallbp@deviantart.com,302-769-1465,Bartlett,Eloisa,Broomhall,8/22/2013,Male,WL15
XHDD9B6,vmckillopbq@jimdo.com,226-977-2703,Joshuah,Vanya,McKillop,9/4/2006,Male,GW08
QEXM4L8,achoffinbr@craigslist.org,109-571-5542,Stinky,Annabel,Choffin,5/16/1985,Male,IV69
OECL1R9,kcurraobs@si.edu,733-369-1307,Ammamaria,Koo,Currao,12/30/2013,Female,TP91
DYHD4Q7,tcullrfordbt@hostgator.com,109-630-4626,Rad,Tate,Cullrford,7/21/2012,Male,CV68
UNIB7U5,cbennbu@alibaba.com,239-568-0133,Benedict,Crin,Benn,10/13/2001,Male,US27
VAYA9T1,vburwinbv@wufoo.com,433-289-7490,Gussi,Vanny,BURWIN,8/19/1968,Female,JX23
HTGS4A4,jmaccoveneybw@nhs.uk,283-192-4611,Ebony,Jeana,MacCoveney,12/15/1985,Female,HO93
BMII0E6,khardimanbx@fastcompany.com,937-571-8814,Chas,Kandace,Hardiman,11/12/2013,Male,RE88
PSDL3N0,fhadwenby@lulu.com,265-787-6568,Itch,Fredi,Hadwen,10/14/1952,Male,SR98
RYUP3A8,mpavelbz@nydailynews.com,315-896-5734,Wenda,Marget,Pavel,6/8/1967,Female,KO49
LABA2S7,aspillardc0@ocn.ne.jp,671-843-3717,Jonathon,Antonella,Spillard,8/20/1956,Agender,BN36
NMOI7G5,glattyc1@ycombinator.com,421-129-6848,Selma,Giralda,Latty,8/2/1986,Female,QF16
JMVB6Z8,cessamec2@howstuffworks.com,578-599-3904,Wade,Christal,Essame,12/27/1960,Male,YE88
XPUR8T7,gbowtonc3@reference.com,702-356-9583,Adlai,Gertruda,Bowton,3/3/2019,Male,PI06
CSGQ9B6,gtashc4@columbia.edu,565-651-3493,Consolata,Gilli,Tash,7/14/1964,Female,NT46
LJEZ7H3,cselbornec5@posterous.com,219-187-5164,Candie,Cordula,Selborne,11/1/1974,Female,CH46
JACX6R7,wspadottoc6@de.vu,499-195-4932,Bruno,Wendeline,Spadotto,9/1/2008,Male,SE56
JFWY8J9,tphoebec7@artisteer.com,766-114-9774,Modesta,Tracy,Phoebe,9/30/1981,Female,TO63
HFID4U1,apurkissc8@statcounter.com,249-268-3033,Berry,Audra,Purkiss,3/18/1949,Female,CD27
YHOC9W1,epinnegarc9@senate.gov,214-395-0239,Belva,Evvy,Pinnegar,5/7/1948,Female,OA72
GMLK1F1,rharmerca@arizona.edu,447-150-2543,Elliot,Robenia,Harmer,10/16/1974,Male,UG69
KBHK1O1,ntawncb@g.co,378-747-4896,Aldin,Nedi,Tawn,7/13/2016,Male,KY35
ZRSC8M9,mgrosvenorcc@yale.edu,459-629-5923,Alessandro,Mia,Grosvenor,12/25/1960,Male,AS91
EIDI8I5,cwyercd@godaddy.com,885-447-2319,Alley,Carlotta,Wyer,6/19/2013,Male,CV15
HXBO2Y8,tstapletonce@webnode.com,354-520-5172,Joycelin,Tina,Stapleton,8/25/1957,Female,TZ17
IRHO0B2,lmackeggcf@hp.com,639-315-3680,Damian,Lydia,MacKegg,7/21/1993,Male,BR11
SZKA8A7,rlongstreethcg@t.co,514-963-4363,Avery,Rosaline,Longstreeth,9/3/1998,Male,CX95
YBRP2Q2,vzanioloch@admin.ch,853-487-2690,Alford,Vitoria,Zaniolo,2/26/1964,Male,ZT28
AWTY0J2,atriplowci@paypal.com,984-350-9604,Gabriela,Arabelle,Triplow,7/22/1997,Polygender,QX54
NNKH8A5,gdigginscj@independent.co.uk,498-398-8690,Darill,Golda,Diggins,5/4/1978,Male,KL63
NXJP1R0,nhonackerck@webs.com,281-153-4783,Allistir,Ninon,Honacker,11/9/1969,Male,OI14
VBPX5Z4,jlagdecl@google.it,803-352-9932,Carissa,Jacklyn,Lagde,1/10/2010,Female,SV61
MYDZ3K0,abilneycm@barnesandnoble.com,685-138-6652,Thedric,Ajay,Bilney,11/1/1974,Male,SK83
SOLS3C1,hgrgiccn@sourceforge.net,708-112-8256,Halimeda,Harli,Grgic,8/5/1971,Female,XP61
RQTT9Z2,llosebieco@bloglines.com,360-936-2159,Marilee,Lenee,Losebie,6/28/1992,Female,OE32
BODA7Q8,wduckelscp@github.io,792-202-7646,Oates,Walliw,Duckels,4/9/1960,Male,IE50
ONYX6Q0,scopoziocq@addthis.com,406-201-6890,Ellyn,Stormy,Copozio,4/21/1971,Female,PS35
NMXC4X5,zolexacr@boston.com,123-116-7860,Gradeigh,Zorah,Olexa,2/5/1970,Male,PF21
FCRX3Z3,danlaycs@mysql.com,301-673-2443,Richmond,Dorelia,Anlay,9/16/2003,Male,PH81
KIWU9D4,bwaddoupsct@pbs.org,105-715-6132,Brook,Benoite,Waddoups,8/28/1952,Male,QR13
XBFU3P5,lhousecraftcu@mlb.com,373-993-8963,Cacilie,Lona,Housecraft,2/23/1983,Female,RR05
PNYJ0W0,skeechcv@shinystat.com,997-639-9034,Harriet,Shannah,Keech,6/25/2010,Female,WK92
FYGX3A6,bvancw@miitbeian.gov.cn,823-511-7232,Miller,Belvia,Van,2/20/2010,Male,OZ55
SEAQ9L3,acordecx@engadget.com,134-110-8470,Wylie,Alfy,Corde,5/3/2011,Male,LX67
ZMAU7M2,fclotworthycy@virginia.edu,944-186-1842,Dominica,Fenelia,Clotworthy,11/12/2001,Female,GV23
TCYG6K8,nrapiercz@desdev.cn,825-624-4783,Savina,Nadya,Rapier,11/14/2001,Female,BK92
XTBB5J2,arussamd0@yellowbook.com,538-238-1943,Patty,Aretha,Russam,11/13/1994,Male,ZO59
ZTKG4Z1,msleightd1@tripadvisor.com,166-808-1863,Barton,Maren,Sleight,4/4/1950,Male,GZ78
CCUK2Y1,cstebbingd2@weather.com,319-394-2016,Gilli,Chelsie,Stebbing,5/27/1963,Female,BP48
WKIB8P5,sjaniakd3@xing.com,791-391-3151,Saunder,Shauna,Janiak,9/4/2000,Male,KS58
AIPI4K2,jnormanselld4@cpanel.net,503-734-1594,Chrysler,Jenn,Normansell,12/3/2003,Female,XH26
GMXJ5W9,wclemasd5@rakuten.co.jp,901-170-4625,Bevin,Wilie,Clemas,4/25/1973,Male,FD24
NDXV2O7,scasemored6@wikimedia.org,967-516-6273,Libbie,Sheeree,Casemore,11/10/2001,Female,TD55
LTBB9D4,fneubiggingd7@photobucket.com,875-754-2971,Red,Florence,Neubigging,4/21/1956,Male,BL02
CFJI2E0,fpantind8@woothemes.com,801-678-5228,Kiele,Florida,Pantin,10/17/1967,Female,OO10
KVXE9A1,bdunstand9@issuu.com,786-780-4225,Kaspar,Belita,Dunstan,12/2/1971,Male,CF87
DGAV2S2,mhughlinda@netscape.com,218-228-3092,Trevor,Marna,Hughlin,4/4/1993,Male,XF48
SFAV3S4,pwimbridgedb@typepad.com,348-192-0413,Dianne,Pierette,Wimbridge,1/4/1963,Female,VI79
CSEC7W9,dcolquitdc@shutterfly.com,916-177-2261,Stu,Dulsea,Colquit,11/5/2011,Male,BT48
SSNY4O4,dunderhilldd@naver.com,503-683-9228,Franky,Delphinia,Underhill,10/9/1975,Male,AW64
GFTZ8I9,statteshallde@apache.org,460-285-4498,Sylvester,Silva,Tatteshall,8/27/2016,Male,XJ08
SGCL6G6,cepiscopiodf@constantcontact.com,726-932-1240,Damiano,Clovis,Episcopio,3/1/2013,Male,KD39
NKGZ0C1,cjeppdg@adobe.com,281-583-6928,Richy,Charlean,Jepp,4/14/2010,Male,SI73
RCGV7U0,aaskendh@biglobe.ne.jp,267-359-7550,Elnore,Asia,Asken,9/14/1959,Female,SD90
DAGA9Y1,dbawdondi@moonfruit.com,784-585-6373,Maud,Dasha,Bawdon,1/16/1998,Female,ZB65
HJPR4T8,alillecropdj@ft.com,266-160-9188,Bartholomew,Adda,Lillecrop,2/26/1977,Male,JR24
QRIG2M6,flampkedk@cbslocal.com,523-196-4194,Marina,Flossy,Lampke,5/24/2010,Female,GE94
TBNA0Z6,aroddiedl@china.com.cn,466-670-3473,Rozanna,Angil,Roddie,2/19/2019,Female,PY89
YIEU9I6,psutworthdm@telegraph.co.uk,796-817-4662,Ashley,Pris,Sutworth,4/27/1961,Male,CQ61
IZOB1H2,pdomnineydn@stumbleupon.com,384-833-5852,Francois,Prue,Domniney,11/24/2003,Male,FY90
VMIA8X2,npopeleydo@jiathis.com,829-899-0502,Stevy,Natassia,Popeley,3/6/1966,Male,HV70
JCNG8E5,vmorandodp@paginegialle.it,314-621-0740,Bernete,Valina,Morando,6/2/2003,Female,DG04
VBHP8J7,balexsandrovdq@earthlink.net,259-925-1583,Erhart,Brita,Alexsandrov,1/24/1980,Male,NA63
MRJA1H6,ffranzmandr@europa.eu,644-318-3928,Sheena,Franni,Franzman,6/12/1970,Female,CQ92
WMVX8Y3,csloands@biblegateway.com,735-619-8386,Rodi,Chlo,Sloan,8/13/1993,Female,TM61
RBYE1C1,kbrobeckdt@dmoz.org,160-873-0182,Sibbie,Kylynn,Brobeck,3/7/2015,Female,UV17
LSDM9R1,orickabydu@ning.com,751-254-1116,Drew,Odella,Rickaby,6/25/1985,Male,WG06
MUDY5U8,tcomussodv@wordpress.com,787-332-5813,Silvio,Tracey,Comusso,3/13/2002,Male,KW32
HLUY5T2,bscamwelldw@aol.com,966-470-0212,Quint,Barbara,Scamwell,5/10/1947,Male,CF74
ZYHY3V1,bwisdishdx@imgur.com,315-336-0464,Gloriane,Bettye,Wisdish,11/5/2011,Female,BV28
MVHN8J5,lbeechamdy@hc360.com,426-648-1404,Allsun,Letty,Beecham,3/11/2000,Genderfluid,NI32
GFUY1R9,ageockledz@miitbeian.gov.cn,390-393-6510,Raffarty,Angelia,Geockle,8/28/1952,Male,BB71
SHLD1P6,asergisone0@skype.com,906-209-9575,Bobby,Avrit,Sergison,10/3/1976,Female,PL91
AYNA4M8,thaselwoode1@blogtalkradio.com,287-843-5357,Micheil,Tawsha,Haselwood,3/1/1946,Male,XE99
BBQJ0G9,ovondryse2@jugem.jp,173-806-3873,Tiena,Odille,Vondrys,9/12/1959,Female,MX42
KMPW2G4,hvarnhame3@elegantthemes.com,971-513-7603,Gloriana,Hyacinthe,Varnham,2/19/2019,Female,FJ28
PDND7U0,ldedeie4@usa.gov,865-635-0074,Zia,Leonelle,De Dei,1/4/1963,Female,EW37
XGMF9Q0,kgimlete5@etsy.com,155-612-5279,Archy,Kaitlin,Gimlet,10/9/1975,Male,XY37
CDFE6F4,akirkee6@bbb.org,189-299-0784,Isis,Abigale,Kirke,2/8/2008,Female,DE70
PTTN8U2,lferonete7@sun.com,198-745-6643,Thorny,Liza,Feronet,12/10/1973,Male,OF14
ECFH8D8,rmochere8@biblegateway.com,326-611-3177,Saundra,Rosene,Mocher,12/6/2008,Female,NV61
ECLK2L8,bsindlee9@hatena.ne.jp,160-684-9500,Reinhold,Bobbye,Sindle,4/1/2014,Male,GC62
SWKW7A5,mlynthalea@alexa.com,970-787-6178,Will,Melisande,Lynthal,12/3/1952,Male,SH28
FBPJ3U9,sneweyeb@shareasale.com,889-486-7784,Maxine,Shelby,Newey,12/6/1980,Female,JA33
DPWN0R8,dkennerleyec@usnews.com,196-855-5691,Doralyn,Deirdre,Kennerley,8/30/1988,Female,YS09
GXWK2H2,mloaned@goo.ne.jp,384-213-4230,Rachael,Magdalene,Loan,1/16/1952,Female,TX75
CYXQ3Q8,dpeteree@time.com,519-512-0773,Audrye,Dedra,Peter,1/10/1970,Female,ZO07
PTKA4P6,jwestgateef@biblegateway.com,679-484-6712,Karel,Juditha,Westgate,7/10/1959,Male,RZ11
KEFY2R2,clockiereg@ycombinator.com,986-742-6560,Jens,Claude,Lockier,11/12/1953,Genderfluid,BC47
JWOD2Y0,sbradborneeh@illinois.edu,733-920-2131,Martino,Selle,Bradborne,2/21/2003,Male,UL26
QPBS1S5,otorrecillaei@eepurl.com,434-259-1812,Lianna,Ofella,Torrecilla,5/23/1995,Female,AQ94
OQUH3G1,kantalej@moonfruit.com,194-547-3360,Juliana,Kimberli,Antal,3/6/1966,Bigender,QN85
SRJN2J4,cgronallerek@wsj.com,925-578-6154,Trescha,Charo,Gronaller,12/27/1960,Female,TF81
DMUZ3B4,eilymanovel@cnn.com,865-932-5790,Shurlocke,Eva,Ilymanov,4/25/1961,Male,OE67
STXY8G0,cgorringem@nhs.uk,801-408-0858,Latrina,Calypso,Gorring,10/6/1955,Non-binary,NO54
HIHH7L4,mwardlawen@aboutads.info,852-343-5411,Tracee,Margot,Wardlaw,8/7/2018,Female,BR32
CIUI9K6,ehattiganeo@friendfeed.com,906-711-3935,Roseanna,Ethelyn,Hattigan,4/21/1980,Female,YJ05
NDAA8J6,csiggeep@people.com.cn,292-747-6303,Rivalee,Carin,Sigge,11/30/1954,Female,JT04
OQFX3M0,rpawlikeq@who.int,200-635-7043,Nadya,Renate,Pawlik,11/4/1956,Female,TI66
UJZX8A0,khurworther@google.com.au,668-762-4686,Jess,Kaitlynn,Hurworth,9/27/1961,Female,EV17
ZPHR3S3,kellissenes@ucoz.com,636-270-1173,Jerrilee,Kalinda,Ellissen,5/29/1957,Female,YO78
WYEE3V5,sleberet@tumblr.com,151-856-4708,Gabriele,Stephi,Leber,4/5/1989,Male,UZ87
TPFM8Z8,ttrahmeleu@pcworld.com,197-676-3817,Gustavus,Ted,Trahmel,2/19/2019,Male,VC59
BBCP5S2,rperilloev@geocities.jp,597-977-9964,Salomon,Rhona,Perillo,5/24/2010,Male,XA87
QTES6W1,rbransbyew@nifty.com,972-246-2369,Dari,Reine,Bransby,1/15/2011,Female,RA57
VHVZ0Y6,cwiddowsex@youtube.com,510-880-7159,Tomlin,Cynthie,Widdows,11/13/1991,Male,LA77
TYAX7X1,vbummfreyey@gravatar.com,989-896-2446,Melba,Vikky,Bummfrey,8/25/1957,Female,OU53
SDAC3J6,kpeyzerez@printfriendly.com,482-859-7431,Josiah,Katrine,Peyzer,6/22/1956,Agender,QU50
DABJ8V7,jsayerf0@weibo.com,510-353-9755,Rosemarie,Jeannine,Sayer,7/6/2008,Female,VN21
XXAE5H8,pphillinsf1@hexun.com,556-505-5909,Fidelia,Papagena,Phillins,7/20/1964,Bigender,WA53
UJVO2R8,olowdianef2@etsy.com,145-904-2361,Kissiah,Odele,Lowdiane,8/5/1971,Female,CE87
FJQJ9Y1,jsimmingsf3@wiley.com,228-839-6086,Karine,Juditha,Simmings,5/30/1995,Female,DB08
WKEG6K7,agrotef4@edublogs.org,411-350-8207,Phyllys,Ailyn,Grote,5/1/1963,Genderfluid,UC65
DTTZ2G9,ssizef5@dell.com,451-182-7145,Duffy,Sharron,Size,4/5/1989,Genderqueer,ZE20
FOHP6T0,eriddochf6@nasa.gov,973-606-3811,Karel,Elyn,Riddoch,2/23/1983,Female,AN50
OCKY8D1,jsturtef7@google.com.br,455-155-9840,Benny,Junia,Sturte,6/16/1985,Male,FW01
ZQFA1N7,druspinef8@goo.gl,680-325-7799,Lowell,Danna,Ruspine,1/14/1953,Male,KZ42
HXFO3P9,gmaggsf9@google.pl,159-398-8841,Morgen,Georgine,Maggs,7/3/2011,Female,DM45
HMEO9F1,lpetrusfa@lulu.com,425-471-4616,Ira,Lenna,Petrus,8/30/2011,Male,RZ46
OSWT2F9,cgeorgeoufb@mozilla.org,470-335-6935,Sol,Calida,Georgeou,3/7/2015,Male,AG44
QRFG9Y1,mberstonfc@psu.edu,588-941-5850,Sal,Mona,Berston,3/15/1983,Female,UU65
DNKE5V7,vfairbardfd@tinyurl.com,952-767-9247,Ricoriki,Viviana,Fairbard,12/20/2008,Male,AC46
GGSP4D4,obristoefe@princeton.edu,290-639-9375,Jarvis,Ottilie,Bristoe,9/17/2005,Male,OK59
ZAOU8X5,acoldbreathff@economist.com,223-264-2330,Web,Anatola,Coldbreath,9/7/1977,Male,KT56
WAMT8D1,hbecclesfg@ucoz.ru,285-704-8834,Jackie,Hildy,Beccles,7/11/1978,Female,KV38
LHNV0A6,mkinnockfh@youtube.com,569-904-0428,Eartha,Marta,Kinnock,4/22/1996,Female,TO14
IFZB3S0,ceggertonfi@nature.com,116-914-9213,Juliana,Camel,Eggerton,7/26/1957,Female,KK52
CZUP5T2,pgrunbaumfj@pagesperso-orange.fr,654-206-8111,Lewie,Pattie,Grunbaum,11/19/1997,Male,KZ87
CMNW6N1,amazzillifk@usgs.gov,853-693-9800,Kendricks,Albertina,Mazzilli,2/3/2010,Male,GO51
QMMB2Y5,fanselmifl@who.int,567-731-1437,Valma,Fran,Anselmi,8/13/1947,Polygender,UE57
KZMI8X2,bkleeweinfm@netscape.com,348-952-5586,Westbrook,Barbee,Kleewein,1/31/1953,Male,YL26
XOKX9U7,nnewlovefn@imageshack.us,420-629-3707,Brewster,Noell,Newlove,7/7/1971,Male,ZL12
DGEK2K2,kshutlerfo@nasa.gov,775-673-1660,Dukie,Kora,Shutler,7/10/1959,Genderqueer,IK08
HHOE2J9,bbraunfp@t.co,568-648-0573,Fabiano,Brook,Braun,10/3/1996,Male,JT74
OOII0L6,tzaniolettifq@house.gov,663-906-0774,Yance,Tana,Zanioletti,2/10/1971,Male,FR88
XGLU8E0,torvisfr@wired.com,136-886-7681,Abra,Tawnya,Orvis,1/22/1945,Female,XO46
TEWP1Y4,ryokelfs@springer.com,720-262-3645,Yasmin,Rita,Yokel,3/11/1974,Female,YR78
DGBY7S2,bhindgeft@mlb.com,276-372-7223,Chelsy,Berthe,Hindge,3/11/2013,Female,WG06
CRLS0N4,cinglesfieldfu@baidu.com,942-651-9361,Eydie,Clarey,Inglesfield,7/24/1979,Female,XH13
CION6C0,egreganfv@psu.edu,897-118-6703,Rafe,Evania,Gregan,4/1/1989,Male,OB83
CZKC7F7,hpringlefw@un.org,310-754-6303,Euell,Harlie,Pringle,3/13/2002,Male,YN44
ECSN0B0,djahnckefx@craigslist.org,825-948-5508,Teddie,Debra,Jahncke,2/9/1971,Female,GF91
YJLW7B7,gmitchelhillfy@webnode.com,533-632-4034,Kimbell,Gladys,Mitchelhill,7/24/1979,Male,PG97
QRII2D5,icrisellfz@hexun.com,194-650-7400,Mickey,Ilka,Crisell,1/31/2008,Male,AD67
VKBR0F7,cmarquisg0@fema.gov,561-898-5830,Mord,Calli,Marquis,1/15/2011,Male,QQ38
ZYEW4A5,rhastewellg1@ft.com,681-756-6520,Son,Riva,Hastewell,9/2/1996,Male,HE96
AHSQ0H3,rpetticang2@google.cn,161-879-1837,Karon,Rosene,Pettican,9/27/2008,Genderqueer,LZ53
EVDL0D1,rlemmensg3@tripadvisor.com,308-710-6595,Dori,Rani,Lemmens,2/16/1983,Female,DK32
PFHC3M0,obeccerag4@newsvine.com,308-303-4654,Elly,Oralle,Beccera,7/20/1959,Genderqueer,QG51
QSVU5R9,jgrettong5@deviantart.com,867-621-4219,Tedie,Jessie,Gretton,11/11/1951,Male,XF79
YXOJ3G5,sbrisleyg6@nps.gov,453-354-0078,Axe,Stephi,Brisley,5/14/2013,Male,NA49
BSPN9C1,kwhistong7@hud.gov,486-383-9641,Llewellyn,Koressa,Whiston,5/15/1949,Male,SW97
UACY8B5,mleynaghg8@nps.gov,642-617-3527,Norri,Modestia,Leynagh,5/6/2004,Female,OH85
FLVG0D9,hgamesong9@hp.com,127-787-5195,Maye,Hannie,Gameson,8/2/1986,Bigender,XJ30
TYAC6H7,bbuzinega@github.io,997-613-6509,Leroy,Briney,Buzine,8/2/1990,Polygender,ZJ19
SAJJ4V5,agrollmanngb@mlb.com,715-295-7612,Berenice,Amara,Grollmann,6/9/1959,Female,SQ44
TDMI6E3,tballentimegc@parallels.com,866-319-5680,Bordie,Tonie,Ballentime,5/12/1953,Male,WB24
ZHQH1P4,cmclainegd@time.com,407-471-2111,Mozes,Carly,McLaine,1/9/1997,Male,CZ32
KDUU6T1,egilmange@wunderground.com,520-906-7916,Tiffi,Elane,Gilman,12/24/1981,Genderqueer,LD90
RMIU3S7,bbattgf@bluehost.com,136-621-4255,Eugene,Barbie,Batt,11/2/2018,Male,HG26
ODVS0F0,gchicchettogg@tamu.edu,938-678-1435,Micheal,Genevra,Chicchetto,9/25/2017,Male,ZP41
VZLJ2D7,ocorstangh@fc2.com,347-394-2637,Chase,Ofelia,Corstan,10/20/1977,Male,LM61
DCRI8X9,rmaccaffertygi@netlog.com,861-509-2444,Fernande,Roseanna,MacCafferty,5/10/1994,Female,QZ89
GWYU3B5,jventumgj@wikipedia.org,856-824-7041,Arlen,Johnath,Ventum,1/30/2003,Female,MM10
YCSE1F0,fgeckegk@wunderground.com,862-538-1629,Amalea,Fernande,Gecke,11/10/1959,Female,RO02
NLIW7J3,tgasconegl@spiegel.de,689-459-0866,Carroll,Teodora,Gascone,9/8/2000,Female,ZT94
SZFU3E9,lkhilkovgm@imageshack.us,537-152-4556,Alfie,Linn,Khilkov,6/25/2015,Male,OY64
LHYK1F7,tocahsedygn@comcast.net,929-840-9541,Ambrosi,Tommi,O'Cahsedy,2/16/1962,Male,KS29
RTYF7W2,tanespiego@t-online.de,677-906-3007,Gwendolen,Theressa,Anespie,10/19/1967,Female,PX82
MFRC6J1,pterzogp@github.io,580-851-5328,Shauna,Polly,Terzo,3/14/2004,Female,JY03
CNQI0S2,nkrzysztofiakgq@phpbb.com,676-154-0312,Jerrilyn,Nadya,Krzysztofiak,7/7/2006,Female,FQ19
NNIZ0R5,kdowkergr@artisteer.com,497-414-1037,Silvano,Karee,Dowker,11/1/1974,Genderfluid,CM05
ZMCJ0K3,vkillikgs@wunderground.com,205-506-3136,Jamesy,Valentia,Killik,6/1/1967,Male,XD01
LOTR7P3,ksouleygt@timesonline.co.uk,569-297-9509,Erena,Kristan,Souley,8/14/1961,Female,JM88
SHVS7C1,yhughgu@engadget.com,544-105-3671,Pansie,Yoko,Hugh,9/25/2017,Female,QJ68
SBRN0F6,gavrahamgv@skype.com,156-775-9579,Worden,Gertrudis,Avraham,8/3/1988,Male,CA67
DOPT8W3,aminchigw@guardian.co.uk,444-677-4033,Harrison,Adrianne,Minchi,9/1/1947,Male,GO63
JFTC1P8,dstemsongx@ow.ly,546-554-2644,Herold,Dorelia,Stemson,1/2/1997,Non-binary,IA57
NDHJ5H1,dsteelegy@foxnews.com,487-990-7803,Cole,Debby,Steele,9/13/1960,Male,OH82
EZTT5V9,kmeynellgz@thetimes.co.uk,743-494-3503,Lizabeth,Kacie,Meynell,1/14/1987,Female,KO67
IIYX3M2,gmckeownh0@ebay.co.uk,456-293-5434,Moina,Genni,McKeown,8/6/2010,Female,PZ81
URVI8Z6,bmechih1@nhs.uk,545-261-3295,Michelle,Blythe,Mechi,6/25/1981,Female,IG14
LUUC1K6,kvarrenh2@hc360.com,725-232-7565,Arielle,Kerrie,Varren,10/21/1972,Female,HP24
FJPG6K4,cmeanwellh3@omniture.com,161-764-0166,Rolando,Caritta,Meanwell,5/24/1985,Male,DG78
TGOP0U7,lohingertyh4@issuu.com,381-549-9252,Rem,Luisa,O'Hingerty,1/25/1988,Male,PD79
ALJW9R5,mrivallanth5@mediafire.com,106-773-7640,Ringo,Moll,Rivallant,11/8/1962,Male,EO76
AFBI7G2,nrussilllh6@dropbox.com,235-528-3064,Tracie,Nannie,Russilll,4/14/1981,Male,QV48
FNRA5S0,tkobah7@usda.gov,904-758-3291,Neill,Thalia,Koba,10/25/2003,Male,XB31
DNLN9F2,nmcgintyh8@vkontakte.ru,214-782-8580,Dominik,Nerita,McGinty,7/21/1993,Male,ES89
MAMC8Q4,ktinghillh9@wufoo.com,227-703-6872,Mia,Karina,Tinghill,7/21/1997,Genderfluid,QL94
RKPM7S7,dlinckha@newyorker.com,427-544-9169,Annissa,Darice,Linck,3/25/1991,Female,UA39
IVWA5E2,ocrampseyhb@ca.gov,837-987-8145,Valenka,Orelia,Crampsey,7/18/2001,Female,WH61
WCGU7P5,ddayerhc@bbb.org,497-694-3044,Lida,Darci,Dayer,11/7/1977,Female,XI94
DXRM8C5,rmontezhd@wikipedia.org,549-274-8604,Arthur,Rivi,Montez,12/22/2010,Male,YK63
JWVC1G1,cretchlesshe@cbsnews.com,255-368-1236,Benjamen,Collie,Retchless,6/17/2016,Male,TR99
GGEB8C7,adeclercqhf@biblegateway.com,548-499-8427,Edie,Anett,de Clercq,9/17/1970,Female,CH56
KFUS2U2,gmundenhg@webs.com,584-971-6848,Karisa,Glynis,Munden,4/11/1994,Female,WE81
GMFC0S8,pguerrazzihh@ezinearticles.com,989-773-7556,Lari,Prudi,Guerrazzi,10/15/1985,Female,VG35
DTRS3P2,tculletonhi@vkontakte.ru,203-719-3975,Leigh,Timothea,Culleton,1/16/1998,Male,FZ63
UCNI0J6,usmalehj@si.edu,442-779-8242,Demetri,Ulrika,Smale,10/13/2001,Male,XZ73
URBY1I4,acapponeerhk@jalbum.net,621-914-2880,Jerald,Aryn,Capponeer,7/3/2011,Male,DS72
IXHY3Q1,tweighellhl@dmoz.org,374-155-2132,Marie,Teri,Weighell,10/9/1992,Female,VH93
YJDZ3C1,atenpennyhm@prnewswire.com,921-707-2776,Christoforo,Aryn,Tenpenny,4/23/1964,Male,WL27
ETMJ3M0,gharwellhn@parallels.com,348-450-4695,Emyle,Gisele,Harwell,10/3/1969,Female,ES04
DNQT2U7,lkinghorneho@myspace.com,870-930-0627,Tamara,Lida,Kinghorne,11/19/2007,Female,YF94
QQBI2I5,rnoycehp@google.ru,163-514-4768,Lamont,Roxana,Noyce,9/17/1970,Male,MB95
RDZH3A5,alambothq@nydailynews.com,583-239-6599,Elisha,Angel,Lambot,6/12/2004,Male,JJ76
IEMB1X2,dmcsheahr@dion.ne.jp,242-345-9377,Donnajean,Dion,McShea,12/2/1971,Female,TV39
GVKR4G4,jdewickhs@archive.org,196-772-6676,Wilmar,Jacinda,Dewick,8/13/1947,Male,ZF59
OBBD7V8,asammonsht@baidu.com,856-990-6392,Gianna,Aubrette,Sammons,7/28/1986,Female,EL01
GEQP4I0,ccosinshu@skype.com,357-327-5182,Kimberley,Clio,Cosins,11/24/1961,Female,ZE78
YRFE6X9,smussettihv@cnbc.com,294-202-4671,Christos,Samantha,Mussetti,9/30/1966,Male,FI33
NQMO1Y1,plerwayhw@qq.com,659-921-0848,Lissa,Philippa,Lerway,2/4/1985,Female,JX31
HDZA0U7,hbarkhousehx@t-online.de,626-725-9663,Rosalynd,Harley,Barkhouse,11/16/1998,Female,NA55
PDMU8K9,adaultonhy@zdnet.com,804-626-8621,Nanon,Anatola,Daulton,9/18/1957,Female,BX06
EUIE1P6,vbovishz@apache.org,546-451-8343,Lelia,Valida,Bovis,4/16/1976,Agender,XB51
RMTZ5Y3,lbradleyi0@nsw.gov.au,191-768-2951,Ahmad,Lurette,Bradley,5/21/1994,Male,MQ88
JZQE8V0,hinsalli1@rambler.ru,343-336-6799,Charlotte,Hannie,Insall,12/6/2008,Female,OJ18
LZSA4U4,bvonderempteni2@photobucket.com,797-208-5350,Almeria,Belinda,Von Der Empten,7/17/2017,Female,QG35
FIHZ5J9,wbanthami3@yahoo.co.jp,178-557-7297,Jorgan,Wally,Bantham,1/6/1985,Male,MZ04
FMZY7B6,elighteni4@unicef.org,959-963-3341,Robinet,Eleonora,Lighten,2/24/1979,Female,XV63
YZEA4N3,mpinei5@hibu.com,960-640-4342,Mil,Monique,Pine,6/10/2010,Female,ZD65
NUPN6V8,fflorentinei6@cbslocal.com,539-574-8930,Gibbie,Florette,Florentine,3/29/2003,Male,KL87
WYXN3Y6,gbellfieldi7@cargocollective.com,161-413-2688,Fenelia,Garland,Bellfield,10/13/2001,Female,TV54
MCAU2K0,mmcpartlini8@microsoft.com,511-216-7587,Darnall,Magda,McPartlin,7/7/1945,Male,TU60
WXGN7P4,bswallwelli9@g.co,808-441-1156,Clarke,Binnie,Swallwell,12/14/2003,Male,UW08
ZSCD0P4,djobernia@ucla.edu,792-400-6215,Fawn,Dori,Jobern,8/29/1979,Genderqueer,KT50
HWJO3F8,thumbatchib@symantec.com,393-562-6549,Tanny,Teriann,Humbatch,4/14/2010,Male,GG86
CILS3I1,lmackledenic@soup.io,637-129-7600,Grove,Laverne,Mackleden,4/4/1977,Male,RO95
UJLG4S9,hbesemerid@hao123.com,955-882-2526,Duky,Hedwiga,Besemer,9/20/2009,Male,VZ08
AOUE2M3,pnenoie@blogs.com,972-136-7951,Gilda,Prudence,Neno,12/19/1953,Female,EK05
VBUO8G8,rpinaif@cornell.edu,626-396-7999,Nell,Raynell,Pina,9/10/2001,Female,HY35
VKQJ9N0,rberkeleyig@bigcartel.com,195-412-9009,Nora,Rosaline,Berkeley,1/6/1996,Female,BZ33
QGRK3Q4,mkaplinih@pcworld.com,717-384-3777,Johannes,Maryjo,Kaplin,10/12/1976,Male,LO22
DIIB3U8,mbalmannii@baidu.com,576-715-7404,Opaline,Mame,Balmann,10/23/1974,Female,BX92
KAHM3T1,ntolomelliij@mac.com,364-116-3370,Madelle,Nesta,Tolomelli,1/28/1969,Genderfluid,SK03
DUMA8L8,pphebeyik@flavors.me,749-686-8358,Dulcy,Philipa,Phebey,9/3/1998,Female,XL13
HKDN9U0,amackaileil@cargocollective.com,227-289-0144,Aurthur,Angy,MacKaile,6/30/1962,Male,CB93
ZUID4O2,vgerrietzim@indiatimes.com,350-955-4158,Nowell,Vivien,Gerrietz,1/15/1953,Male,ZQ93
YPNW0K7,tscrowsonin@surveymonkey.com,568-661-4599,Marget,Tiphanie,Scrowson,1/17/1991,Female,YN83
WLIA2R0,rbeestonio@smugmug.com,285-290-6308,Georges,Rania,Beeston,7/16/1999,Polygender,ID78
MPAK3Z8,scuddip@hugedomains.com,189-808-4765,Woody,Shandie,Cudd,4/26/2019,Male,PM66
ASLD6B4,ballertoniq@baidu.com,453-487-6847,Steffen,Bride,Allerton,5/15/1949,Male,KY01
HEBH1B0,omaccarrollir@blogtalkradio.com,617-330-7249,Jasper,Ottilie,MacCarroll,7/26/1957,Agender,LK72
QTCF2L1,dbradburnis@t.co,735-427-7225,Ronica,Dorolisa,Bradburn,8/26/1997,Female,SB88
WWHY8K4,ccuxonit@weibo.com,584-573-3928,Bard,Celia,Cuxon,5/23/1995,Male,UM10
EJIT6O6,jkneafseyiu@spiegel.de,509-918-9701,Callean,Jodi,Kneafsey,12/13/1946,Male,EC39
FBAH1G1,wpinsoniv@google.de,412-427-8338,Fleur,Winne,Pinson,12/31/1950,Female,EH16
BVJH0S7,dlinnardiw@biglobe.ne.jp,701-233-9907,Reamonn,Dorothee,Linnard,4/27/1970,Male,OY04
ZYSI9C2,gansteeix@vkontakte.ru,887-598-3211,Iver,Gilbertine,Anstee,6/8/1967,Male,ZX39
YGJL4Z9,croomiy@webeden.co.uk,100-870-5571,Viola,Corrianne,Room,6/13/1960,Female,BJ26
KSAE3B9,jverdyiz@cmu.edu,696-429-9609,Meyer,Joann,Verdy,3/16/1965,Male,RR73
NLAN4Z8,jolwenj0@omniture.com,907-902-0984,Yule,Jaquenetta,Olwen,5/18/1958,Male,TI65
IMOL2I5,kjovovicj1@netscape.com,325-604-3203,Laetitia,Karry,Jovovic,12/4/1951,Female,MJ68
WVMG5A8,mremmerj2@devhub.com,476-974-7603,Robbert,Mora,Remmer,12/12/2020,Male,VL22
HMOL4Q1,wcainesj3@lycos.com,137-184-5670,Beltran,Wilona,Caines,10/11/2004,Male,LW24
GQCB0J8,pdinleyj4@mozilla.com,339-799-7595,Guthrey,Phillis,Dinley,4/14/1981,Male,KO17
LKYP6V4,cstovej5@hhs.gov,358-715-7872,Rod,Christel,Stove,8/27/1993,Male,GB55
GJYZ2H0,ysagej6@buzzfeed.com,268-616-3541,Muhammad,Yoko,Sage,8/3/1982,Male,AR80
DRWS4Q7,msmallsmanj7@ed.gov,473-627-3453,Zoe,Melisse,Smallsman,1/31/1971,Female,QG79
ZQZX5G3,tlauksj8@ted.com,756-814-1305,Cornall,Theressa,Lauks,5/25/1969,Non-binary,NV62
KHCM5A5,mpettettj9@japanpost.jp,151-523-9122,Tracy,Matti,Pettett,9/30/1966,Female,FX46
SMWG2X4,jmacmenamieja@amazon.co.jp,429-766-4256,Tersina,Johna,MacMenamie,1/15/1961,Female,NY78
IARF1O2,evirgojb@state.gov,673-988-4552,Dwayne,Elianore,Virgo,9/30/1957,Male,CR61
PVLQ7O8,cmordenjc@examiner.com,651-303-5140,Nadiya,Conni,Morden,2/6/1978,Female,RG39
BNNA0A8,cstandalljd@google.de,794-423-1086,Vanny,Caron,Standall,12/15/1985,Female,AL63
QWYP5G2,belvidgeje@bbb.org,182-548-1980,Sammie,Bobbi,Elvidge,6/18/1965,Male,SB20
IIJJ1X4,agemlettjf@tmall.com,202-277-6814,Franky,Astrid,Gemlett,7/26/1955,Female,KC08
NCGP9D6,kcorringhamjg@comsenz.com,125-345-1636,Patrice,Karia,Corringham,6/26/2001,Male,PK02
PGRF6P7,hdallonjh@weather.com,941-362-9581,Phaedra,Hermina,Dallon,11/17/1994,Female,GP14
PLVN2L3,esorrieji@youtu.be,129-832-9681,Brigitta,Eugine,Sorrie,5/3/1998,Female,CW54
RXLE7I9,gspaldinjj@earthlink.net,417-194-5167,Wash,Gertrude,Spaldin,6/14/1970,Male,FG88
LQRM3X0,agooderjk@homestead.com,376-135-8332,Leontine,Ardelis,Gooder,3/3/1946,Female,NN51
NUZI1C3,bhannonjl@delicious.com,764-351-3668,Ella,Brigida,Hannon,5/9/1970,Female,LW40
WGIK1V3,coldacrejm@timesonline.co.uk,991-622-5335,Darice,Cori,Oldacre,6/20/1972,Female,JN81
RTYE5E8,ckleszinskijn@last.fm,571-317-3972,Clemence,Cristie,Kleszinski,9/20/2009,Female,MU86
DOGC3A6,aansteyjo@home.pl,565-237-2108,Klarrisa,Allison,Anstey,9/20/1993,Female,RA36
SHAZ7U2,lspyerjp@shareasale.com,231-355-4299,Bryce,Laverna,Spyer,9/11/2016,Male,OH83
MKWV7B2,soffilljq@ucsd.edu,441-868-1720,Ettore,Stephine,Offill,4/27/1961,Male,DT31
NOPT0Q5,unorthcottjr@buzzfeed.com,549-947-1283,Pancho,Ursuline,Northcott,8/13/2014,Male,KV98
HPAQ0A3,mpalatinijs@youtu.be,162-124-2173,Petey,Madelena,Palatini,3/5/1965,Male,BA61
XYCG1A8,tstrowanjt@posterous.com,854-103-2128,Viviyan,Teressa,Strowan,11/30/1953,Female,WK58
HBRE5W6,awakelamju@vistaprint.com,739-532-5384,Grannie,Anna-maria,Wakelam,7/23/2020,Male,NU36
YMWE5X9,tdewsburyjv@sun.com,761-451-7891,Morly,Terry,Dewsbury,3/14/1969,Agender,YM16
UBOE1C5,lcossarjw@scribd.com,577-572-3260,Ellsworth,Lauren,Cossar,1/9/1986,Male,YH01
VQSH7M7,gcopestakejx@geocities.jp,990-820-8194,Donielle,Gert,Copestake,7/13/2016,Female,MA41
WOQB3P9,hdawsonjy@mit.edu,172-115-3493,Cordell,Hyacintha,Dawson,4/9/1990,Male,KD50
FBOL1Z4,mhazelgrovejz@usgs.gov,681-680-1542,Zacharia,Mirelle,Hazelgrove,3/19/1959,Male,JI79
UICR5T3,kcoldicottk0@networksolutions.com,243-755-5498,Ardisj,Kassie,Coldicott,9/16/2003,Female,XY37
XNFL7M2,hgreatrakesk1@acquirethisname.com,714-605-8977,Edgar,Hatti,Greatrakes,3/5/1992,Male,IP70
KQIT9G3,ibertrandk2@myspace.com,723-686-8615,Brook,Ivett,Bertrand,3/23/1981,Male,OQ98
NOXB4O1,imcandiek3@google.fr,479-841-4035,Karim,Ivette,McAndie,5/24/1960,Male,FR58
XSWN4R2,aorreyk4@chron.com,888-234-6679,Pate,Althea,Orrey,4/16/1976,Male,WY73
YQJC5D1,ftukesbyk5@desdev.cn,932-944-3987,Wallie,Farrah,Tukesby,9/20/1955,Non-binary,ML86
IWCW6R5,jallewayk6@gov.uk,829-523-9594,Heather,Jeanne,Alleway,4/16/1970,Female,TR53
GAJT1Y7,jballefantk7@jugem.jp,548-222-9631,Uri,Joelie,Ballefant,3/14/1959,Male,JM70
MJDH8W8,tedgeonk8@hubpages.com,774-670-6196,Tristan,Tandy,Edgeon,6/17/2003,Male,FY25
GDKL0Y9,cnorvalk9@yale.edu,366-772-0530,Zelig,Chantal,Norval,4/26/1976,Male,OM79
GSUF0U1,kyirrellka@gmpg.org,144-888-7729,Brennen,Korie,Yirrell,1/20/1956,Male,NN25
MZBI2Z3,mthurlowkb@yandex.ru,178-583-1397,Benson,Melisandra,Thurlow,10/15/1985,Male,TJ92
OPFC9G9,mgiggskc@imdb.com,649-330-0822,Tabitha,Margot,Giggs,7/26/1946,Polygender,LY87
CPLX1G4,emerittkd@soup.io,736-236-0927,Kimberli,Elle,Meritt,1/19/2003,Female,FB34
IAKQ4A2,jbriddleke@meetup.com,545-658-2989,Garrard,Jade,Briddle,11/30/1954,Male,MV54
ODGC8F6,dpetegrewkf@studiopress.com,520-640-1063,Nara,Dennie,Petegrew,6/13/2020,Female,DV52
JMFR6A9,athynnkg@php.net,840-131-7578,Livvyy,Adrienne,Thynn,3/5/1992,Female,ZJ64
TJIH9B8,cmulcasterkh@privacy.gov.au,504-755-2074,Irvine,Clary,Mulcaster,10/12/1976,Male,DI02
IEZT5X8,wwitherowki@youtube.com,429-110-2153,Heather,Wendi,Witherow,6/12/1970,Bigender,NI00
AUHK0Y3,cyanyushkinkj@time.com,606-362-4198,Maible,Carmelina,Yanyushkin,11/20/2010,Female,FC06
MOXF2P0,sdeanesykk@usgs.gov,658-196-4394,Tad,Sherry,De Anesy,1/22/1997,Male,HQ54
KRVB9M1,wbarnewillekl@omniture.com,571-935-5911,Delia,Wallis,Barnewille,6/12/1970,Female,SA68
BSDR3E7,dbadderkm@spotify.com,488-552-9894,Shari,Danita,Badder,8/27/1977,Female,PF83
XVLI7V3,vconichiekn@dmoz.org,690-710-2475,Emmalyn,Vinita,Conichie,3/27/2003,Female,VH29
CHUM4P5,krappko@go.com,866-626-0590,Camille,Karine,Rapp,9/6/1988,Female,ZJ68
EMDI2T5,cjosskowitzkp@answers.com,464-631-4224,Janna,Camellia,Josskowitz,8/2/2009,Female,GC89
ERMY5T0,otutchenerkq@com.com,874-505-0138,Torin,Olly,Tutchener,5/30/1951,Polygender,RI46
YGRM7E7,rkinnearkr@4shared.com,677-557-0341,Odell,Rubetta,Kinnear,3/20/1949,Male,QZ06
GVQT5H7,lanthamks@t-online.de,694-937-6099,Teresa,Lani,Antham,7/7/1997,Female,ZD64
AQKP8I7,cogilbykt@nbcnews.com,385-339-0710,Clarie,Cynde,Ogilby,12/25/1960,Female,RP42
INAT7L6,bwhewayku@about.me,265-940-2837,Carissa,Brittany,Wheway,3/23/2014,Female,EC03
SWIZ9P8,lkaineskv@t-online.de,423-296-5913,Milzie,Leisha,Kaines,10/22/1986,Female,RD17
LOYK5S4,aisaakkw@vimeo.com,294-105-6417,Clerissa,Ardyth,Isaak,10/6/2009,Female,TU66
UVYR0N9,lsamwellkx@w3.org,339-832-6789,Velma,Lenette,Samwell,10/25/1967,Female,HL90
ETSD2F9,sconeleyky@archive.org,958-884-8462,Joletta,Sydney,Coneley,1/26/2001,Female,CJ51
IQKE8V2,jsircombekz@cisco.com,360-707-6190,Rutter,Jillane,Sircombe,1/31/2007,Male,YV59
LDOO9B4,ltosspelll0@ucoz.com,146-866-3756,Isidor,Louisa,Tosspell,7/4/2012,Male,NL69
LSFL9X9,kfaulksl1@mapquest.com,136-390-2310,Deeyn,Koren,Faulks,1/10/2010,Female,BX56
AEYP5X5,gbanglel2@moonfruit.com,815-230-3192,Benedicto,Gretchen,Bangle,10/31/2003,Male,EH37
WOKU2R5,lscarrl3@google.co.uk,173-237-6770,Perle,Linnie,Scarr,6/19/2013,Female,UC28
TKHJ2S5,edarrell4@e-recht24.de,774-228-8822,Robinetta,Elvina,Darrel,6/28/1992,Non-binary,NT70
KGEH8H5,aduckhousel5@cbslocal.com,921-826-2815,Trace,Aurilia,Duckhouse,11/24/2003,Male,RE57
TSRJ3F3,gbuttrickl6@cam.ac.uk,252-873-1734,Sheela,Golda,Buttrick,2/1/1980,Female,ZK26
RRAW7X8,rwilmottl7@goodreads.com,647-445-3813,Glyn,Rubie,Wilmott,8/29/2011,Male,VZ81
TSMJ2V6,dberfordl8@globo.com,249-872-9686,Fiona,Dorian,Berford,1/4/1953,Female,QD83
SUQO8A1,kbefroyl9@dmoz.org,391-695-8838,Hazlett,Korrie,Befroy,3/19/1975,Male,WN12
RSVO1W2,jcanlinla@cbsnews.com,318-441-2513,Hyatt,Joanna,Canlin,7/6/1998,Male,XF38
VSGH2X2,uwheatcroftlb@bbb.org,763-811-1955,Heidie,Uta,Wheatcroft,3/25/2019,Female,ME75
GHON9W8,oaveraylc@cpanel.net,213-500-7897,Baillie,Ofelia,Averay,10/10/2004,Male,TE35
WGVK5J8,gcrowneld@stumbleupon.com,124-901-0151,Janaye,Gisela,Crowne,5/27/1955,Female,CF14
UAXO0I9,dhalledele@tripadvisor.com,426-719-8883,Kelly,Demetra,Hallede,1/16/1950,Female,EH21
IDCL0U7,mgypsonlf@fema.gov,429-158-8857,Rosemarie,Marlee,Gypson,9/17/2005,Female,JM50
UAQL5L0,caycelg@mozilla.com,691-173-4088,Blane,Carla,Ayce,6/12/1960,Male,AX95
LNQL0V9,bguytonlh@telegraph.co.uk,902-562-1832,Kerry,Birgit,Guyton,6/25/1968,Male,PI44
MAGH5O0,oizkovitzli@webnode.com,311-304-8977,Isidor,Orelle,Izkovitz,5/19/1966,Male,DT89
DNAM7E1,lclineslj@uiuc.edu,742-996-4590,Sonni,Letisha,Clines,9/2/2017,Female,SB09
YDNE3S5,cibanlk@cnet.com,794-148-0277,Alair,Clio,Iban,6/4/1980,Male,HM35
REWP9Y6,cvasichevll@sogou.com,133-307-2782,Mildred,Calli,Vasichev,1/9/1969,Agender,HY28
POAM4B9,dmenellm@google.it,628-803-2656,Ardene,Demetris,Menel,12/22/2010,Female,LI38
FUIK7U1,srawdalesln@un.org,217-310-0566,Luz,Salomi,Rawdales,3/3/2011,Female,EG02
HDVH4P0,kfeveryearlo@behance.net,860-118-1771,Alonzo,Katharine,Feveryear,7/24/1979,Male,ZY27
JWRJ3A4,asquirrelllp@youku.com,339-839-5588,Reggy,Anna-diana,Squirrell,5/14/1999,Male,YK77
VLTZ8Q7,esymmslq@tuttocitta.it,672-835-8087,Isidora,Elizabet,Symms,10/3/1969,Female,QN94
SBGP1P5,gcatlowlr@sciencedaily.com,493-606-9453,Margarete,Gertrud,Catlow,1/17/1956,Female,FH63
RQSJ6G2,ewaltonls@home.pl,436-981-1980,Delbert,Ermentrude,Walton,2/1/1996,Male,NG39
NTSC1A5,agoveylt@google.es,519-387-2825,Dov,Arlinda,Govey,1/2/1997,Male,SN81
MJOX4V1,bkleinhausenlu@furl.net,571-300-2242,Alyce,Brinna,Kleinhausen,7/10/1985,Genderfluid,VK46
ZTBA3K5,mwhaleylv@elegantthemes.com,956-337-0923,Elli,Melodee,Whaley,1/9/1969,Female,MG14
UGNL2G9,mpepilw@hubpages.com,121-750-7432,Alwyn,Milzie,Pepi,4/5/1970,Male,LZ31
QJLU8B3,gtreanorlx@stanford.edu,670-967-6701,Nilson,Gerty,Treanor,3/13/2002,Male,BV55
VQAB9D1,jfilipczakly@phoca.cz,739-398-8428,Belicia,Josi,Filipczak,3/15/1983,Genderfluid,CL55
FKLS9N8,geastgatelz@boston.com,613-298-2551,Shandy,Glenine,Eastgate,9/1/1947,Female,TJ94
RYFQ3F8,ldreghornm0@canalblog.com,243-397-5634,Moses,Laura,Dreghorn,12/11/1951,Bigender,MK54
FLDQ5F8,jruggierm1@businessweek.com,735-912-3526,Maxwell,Jacqui,Ruggier,1/5/1967,Male,YG84
OSJO7Y1,hadinm2@goo.gl,404-998-2016,Paxton,Honey,Adin,4/22/1949,Male,GC19
PATS1N6,kschohierm3@qq.com,866-934-5176,Lavina,Kirbee,Schohier,6/16/1985,Female,RV63
YCHJ9L2,cmcskinm4@uol.com.br,416-154-9877,Mair,Cindie,McSkin,5/10/1961,Female,HN53
CEKF9T1,jtsarm5@china.com.cn,931-701-7703,Kellsie,Josy,Tsar,12/7/1974,Female,PR45
UWHE8U5,bcouvertm6@unesco.org,203-991-3785,Simone,Beatrisa,Couvert,11/28/1975,Female,XO20
MTUW2X3,ohaversonm7@independent.co.uk,286-978-3798,Bibi,Orelee,Haverson,12/10/1973,Bigender,XG57
WNBB1V8,pstormontm8@merriam-webster.com,637-364-6566,Flor,Phillie,Stormont,4/4/1950,Female,LG79
UNZQ6V2,lbasleym9@virginia.edu,540-308-8202,Wallace,Lonee,Basley,12/15/2003,Male,NB51
TJJR5U3,aislandma@fda.gov,451-438-4777,Minette,Alie,Island,6/2/2003,Female,TQ90
KYUI5S5,givanusyevmb@techcrunch.com,696-986-5234,Burg,Gladi,Ivanusyev,10/28/1975,Male,LC08
POTR4M5,medmonstonemc@vk.com,551-328-7789,Iona,Melodie,Edmonstone,12/31/1991,Female,VV07
FGAA4J6,adeweymd@fema.gov,851-893-5033,Fran,Annabela,Dewey,8/2/1990,Male,BD56
OVPO5P8,acescome@dagondesign.com,580-433-3536,Rudd,Abagael,Cesco,6/26/1967,Male,ZO33
GUUJ4G6,rpauletmf@phoca.cz,599-248-1225,Nesta,Rosana,Paulet,10/16/1977,Female,LW18
ZYRL5Y8,kzywickimg@freewebs.com,898-339-7232,Beverlee,Katrine,Zywicki,8/17/1984,Female,ZQ77
BRFS5F4,lolenchikovmh@ucla.edu,811-997-4772,Louis,Lissy,Olenchikov,6/25/2010,Male,PX28
JVNE4U6,rtuemi@indiatimes.com,181-511-0626,Skell,Rania,Tue,8/10/1958,Male,MG81
LQIK0G7,fleverettmj@hibu.com,301-271-1126,Bird,Fayette,Leverett,5/24/1958,Non-binary,LG69
OSEX6D1,rlenourymk@hatena.ne.jp,315-936-8181,Uriah,Ruthi,Le Noury,11/26/1954,Male,AU05
YMFP1N1,jcuretonml@behance.net,633-711-7167,Margaretta,Jacquetta,Cureton,8/23/1968,Female,WY96
HGMG3V7,chorickmm@usatoday.com,137-424-3280,Frankie,Caron,Horick,1/10/1965,Male,JE34
IQVI5M1,fgerransmn@msu.edu,921-250-8017,Torin,Felicia,Gerrans,8/30/1957,Male,RK79
KJPJ3L6,sraulinmo@elegantthemes.com,674-389-3812,Nanci,Seana,Raulin,11/26/1954,Female,SW34
SKXF8W6,rdaburnmp@hc360.com,712-575-7070,Jessie,Rivkah,Daburn,12/15/1985,Non-binary,ST78
UYGN0H2,rrotgemq@discovery.com,874-756-3664,Marguerite,Roselle,Rotge,12/12/1986,Female,EM60
HBFU9D3,lburvillmr@stanford.edu,151-477-5696,Doro,Laetitia,Burvill,8/30/2011,Female,NK28
OCSE3A9,mgillsonms@java.com,171-731-4922,Neile,Maisie,Gillson,7/23/2020,Female,IO04
VJPP7A3,pmcfeatemt@163.com,116-909-6540,Odell,Peg,McFeate,9/1/1982,Male,JP02
SALJ8W1,lbonwellmu@hud.gov,659-587-1845,Carlee,Livvyy,Bonwell,7/9/2000,Female,FF67
RQUN3U0,mgrogonamv@t-online.de,638-457-2727,Orbadiah,Monique,Grogona,9/18/1957,Male,PY28
IBTN2S0,cgilroymw@amazon.de,510-284-0683,Emmey,Cristi,Gilroy,5/24/2010,Female,IY83
MWLH3W0,mlorekmx@state.gov,278-253-5370,Bryna,Mallorie,Lorek,4/4/2007,Female,BP83
HDKG0W9,cgrishaninmy@sourceforge.net,604-743-4875,Huntlee,Carlee,Grishanin,9/13/1960,Male,VM60
QNFK8Z3,mroscowmz@feedburner.com,275-448-2617,Mort,Marnia,Roscow,5/18/2007,Male,FP32
BVLW5N0,rpauncefortn0@typepad.com,255-104-3312,Dawna,Rahel,Pauncefort,7/7/1997,Female,QB06
GLLP5R9,jmacgowingn1@oakley.com,440-696-5179,Kesley,Jonis,MacGowing,8/30/1988,Female,SD64
ZLPC4I3,ahooksn2@ow.ly,485-743-8501,Silas,Agnesse,Hooks,4/4/1948,Male,VG56
AISY0M4,pjeansn3@4shared.com,228-985-8213,Dallon,Perri,Jeans,8/19/1988,Male,CZ98
CDTQ3C2,melyn4@smh.com.au,628-564-6581,Shepherd,Mirabella,Ely,1/31/1971,Male,SB89
JNOS1W9,ahighmann5@google.nl,374-337-5408,Gunar,Annabell,Highman,6/12/1960,Male,MY83
YHKK8B9,rlaysonn6@g.co,885-593-8341,Harriette,Roselle,Layson,5/1/1963,Female,PU62
OFVT0B3,kmcbeithn7@tumblr.com,538-447-3458,Novelia,Kaitlyn,McBeith,10/23/1974,Female,TT31
LUGZ9Q2,ogarmn8@jugem.jp,633-265-6629,Claribel,Odella,Garm,3/8/1955,Bigender,VF31
AJXZ1C2,parchbouldn9@elpais.com,747-521-1190,Carey,Pat,Archbould,11/22/1945,Male,DL39
PWOG7F2,mmowatna@theglobeandmail.com,895-997-7270,Andie,Madel,Mowat,4/24/1984,Female,ZX91
MZRI3R2,mloosemorenb@ow.ly,576-469-8195,Sonia,Muffin,Loosemore,11/12/1953,Female,VP71
RCWW4P0,mmarzellanonc@ameblo.jp,281-636-8869,Maurise,Mandi,Marzellano,7/10/1985,Female,TA23
CFJR6M4,dcareswellnd@japanpost.jp,341-805-3860,Terza,Dell,Careswell,5/21/1994,Female,PB32
BXRF8I3,ldreakinne@stanford.edu,556-674-8922,Thorndike,Lenna,Dreakin,10/6/2009,Male,BZ47
CSEK7D6,arobersonnf@storify.com,339-388-1448,Kary,Althea,Roberson,10/25/1996,Female,EU96
DWFZ2S3,wcapronng@google.com.au,891-841-7608,Shanna,Wilhelmine,Capron,8/17/1984,Female,IU92
NVFJ1T3,ybeggsnh@deliciousdays.com,541-779-6464,Essa,Yvonne,Beggs,9/4/2016,Female,OB66
ISTY9X4,jbowserni@tripod.com,847-717-9784,Jilleen,Josepha,Bowser,8/19/1968,Female,OK10
GCMC3X9,rshillingtonnj@plala.or.jp,423-178-3130,Dom,Rori,Shillington,8/30/2006,Male,RR19
RHCU4V8,sdoddemeedenk@constantcontact.com,948-328-0240,Maurine,Sorcha,Doddemeede,10/12/1962,Female,VV74
LQMP7F2,lbunnellnl@yolasite.com,487-375-1235,Elladine,Lindy,Bunnell,1/21/1976,Female,DC12
IHYC4S3,pthewsnm@virginia.edu,645-866-1080,Maible,Phillie,Thews,9/20/1986,Female,PY40
KDST5Y0,snisetnn@mtv.com,658-821-7462,Stillmann,Sasha,Niset,9/20/2009,Male,ZQ06
YKLB9C0,tjessonno@illinois.edu,989-308-5268,Brigham,Tallou,Jesson,3/16/1998,Male,PQ38
FGZM4W1,smershnp@about.com,817-814-2277,Dyanne,Susannah,Mersh,5/23/1995,Female,YG56
AVYA5N9,ddimitresconq@cnbc.com,710-454-3768,Alejandro,Dode,Dimitresco,11/13/1989,Male,IW06
GRNO4F3,cgothernr@census.gov,409-947-6116,Mendel,Christal,Gother,2/17/2003,Male,HJ89
DCYA9Q4,thaslewoodns@123-reg.co.uk,747-982-9810,Haily,Terra,Haslewood,5/18/2007,Female,WY41
JVEE0A7,nshervillent@example.com,867-905-3606,Demetri,Nerti,Sherville,12/15/1972,Male,CF36
VQID5R7,phuonicnu@shop-pro.jp,415-216-2265,Zitella,Pia,Huonic,3/31/1979,Female,RZ45
BAVJ7Q1,sspadanv@liveinternet.ru,830-294-8107,Celisse,Selinda,Spada,2/1/1996,Female,PZ52
NBAL5B8,sadamininw@bigcartel.com,252-758-2871,Jonah,Sarina,Adamini,11/27/2015,Male,XD94
DYCV2R6,bmenlovenx@reddit.com,916-266-0793,Pearce,Beatrisa,Menlove,8/25/1957,Male,AH89
EHBH7Y3,jagdahlny@techcrunch.com,598-223-4000,Melita,Junia,Agdahl,2/10/1991,Bigender,RF16
WGOX0L7,cthomsonnz@mediafire.com,760-888-5123,Brennan,Celisse,Thomson,1/6/1983,Male,ED69
NOXS1Y8,tharmondo0@bing.com,250-549-5178,Elvina,Trude,Harmond,1/25/1988,Female,HK37
RIAV1M8,ffrowo1@soundcloud.com,285-614-3781,Saree,Francesca,Frow,8/13/2011,Female,SR02
FWMD1G8,pkattenhorno2@accuweather.com,835-963-6108,Tova,Priscilla,Kattenhorn,2/21/2004,Female,MD37
KPMW0L1,btrouchero3@godaddy.com,720-901-2493,Winonah,Bunni,Troucher,5/4/1978,Female,RD40
BGNB3P4,bsawneyo4@tamu.edu,419-564-6143,Tome,Brenn,Sawney,7/4/2012,Male,GT20
KTZV0Y1,jpunshono5@engadget.com,997-752-3883,Norrie,Joanie,Punshon,3/10/1954,Male,OL88
ONXS7I9,jfanno6@wikia.com,406-953-3932,Pembroke,Jilleen,Fann,5/24/1958,Male,RK13
GECH1C8,rmerwoodo7@behance.net,420-515-3585,Katti,Regine,Merwood,3/14/2004,Female,GB80
NVFD1M8,stookero8@mashable.com,444-780-7253,Janela,Shelba,Tooker,11/14/2001,Female,CZ58
UELV2H7,dknealeo9@a8.net,965-250-7494,Jasmina,Dionne,Kneale,4/24/1984,Female,IK78
HYFU2I2,cbonaroa@geocities.com,866-453-4227,Hillery,Caritta,Bonar,9/2/2017,Male,UL55
FVLL5W8,hbemroseob@unesco.org,717-468-5621,Layne,Holly,Bemrose,1/12/2013,Female,QG92
NXLQ4F8,eliverseegeoc@slate.com,177-678-5524,Dorita,Em,Liverseege,7/13/2001,Female,TB79
AMKT6Z5,chovendenod@businessweek.com,581-473-6538,Arnold,Cordey,Hovenden,11/5/1971,Male,WA82
EMFM8X3,gabdeyoe@unc.edu,187-419-7843,Ulrikaumeko,Genovera,Abdey,8/19/1983,Female,VD87
KJAG5S5,jsaggsof@bloglines.com,630-616-7613,Corbie,Janela,Saggs,7/29/1951,Male,WS62
BNMY5C8,rcrickmerog@google.fr,913-937-8974,Diahann,Raychel,Crickmer,3/30/1955,Female,HQ39
BWDP2X3,acolbornoh@loc.gov,294-704-6603,Karl,Adi,Colborn,9/23/1989,Male,FW81
CJKX8D2,iskippingsoi@xing.com,618-132-0369,Leif,Ilyse,Skippings,8/23/2016,Male,NY15
OQCC1V4,azukeroj@sitemeter.com,916-383-7147,Mackenzie,Annie,Zuker,10/28/1947,Genderqueer,RE72
MTQW1N6,clordingok@sohu.com,317-525-3025,Peterus,Cissiee,Lording,5/28/1959,Male,HT55
WOYU9O9,wleathardol@state.gov,646-485-3337,Kamilah,Winny,Leathard,5/24/2010,Female,CS76
QADP8S5,adruhanom@reuters.com,915-816-4357,Ilyse,Annice,Druhan,11/6/1993,Female,AX86
PYVU0B8,fwhittuckon@sphinn.com,921-331-5701,Kara-lynn,Fayette,Whittuck,8/13/2011,Female,TC29
PPWM3N5,srultonoo@cargocollective.com,312-599-8844,Kaine,Sapphira,Rulton,1/4/1963,Polygender,ZT45
IHBG6Z2,rhumpageop@simplemachines.org,271-934-8511,Tonnie,Raven,Humpage,10/28/1975,Male,YR74
FGTU6J0,jwelhamoq@constantcontact.com,368-146-7561,Colan,Jorey,Welham,9/5/1980,Male,BJ68
YCMY6T1,cgolsonor@so-net.ne.jp,235-673-7249,Frederich,Carolina,Golson,6/17/2003,Male,KJ96
IDXR3L6,kmalamos@exblog.jp,666-793-7562,Phyllys,Kimberlee,Malam,7/1/1946,Female,WU20
XSDA4D7,cbensenot@mozilla.com,640-162-9935,Terri-jo,Cally,Bensen,10/29/1963,Female,IA18
KXLE2K1,tryanou@google.es,794-433-6534,Rockwell,Trista,Ryan,1/9/1986,Male,SL39
VDMA4U0,nverrilloov@nih.gov,621-336-0505,Shalom,Nalani,Verrillo,5/26/2004,Male,TW42
WJHA3B2,dgalleyow@uol.com.br,374-330-1736,Esteban,Dorolice,Galley,2/12/2002,Male,JK73
ZKUH0J5,dpurcerox@printfriendly.com,437-218-7112,Tobie,Darice,Purcer,3/4/1976,Male,IU67
WZCT6R2,kbrosekeoy@ebay.co.uk,603-403-0744,Vaughn,Karlene,Broseke,4/29/1991,Male,QV40
TCDL3T0,jkleinstuboz@addtoany.com,900-290-9139,Bria,Joye,Kleinstub,2/18/1993,Female,JT54
GHJA1F7,bjeremiahp0@mayoclinic.com,806-857-4628,Jacynth,Bernadette,Jeremiah,3/7/2015,Agender,HO13
XTXZ9A7,jhurlp1@tinypic.com,675-763-6792,Erminie,Jobina,Hurl,10/29/1963,Female,MC06
RQPQ1L6,klammerichp2@about.me,596-409-0379,Whitney,Kessiah,Lammerich,7/16/1999,Male,WU44
AKDQ6B7,sgiffkinsp3@about.me,857-254-0816,Carolan,Sherie,Giffkins,2/16/1983,Female,JW09
GYPW7S5,kclendennenp4@wp.com,252-538-3904,Ellis,Kirstyn,Clendennen,8/28/2001,Male,QC90
NWKD6N0,mbreawoodp5@artisteer.com,682-283-7616,Amber,Marylin,Breawood,2/9/1971,Female,BI40
WNAP2R6,apershousep6@berkeley.edu,650-805-1222,Zsazsa,Alvera,Pershouse,5/1/1963,Female,FB04
PCBK5G4,mwrathmallp7@blinklist.com,810-286-4260,Kristine,Marianne,Wrathmall,11/10/2005,Female,NB98
LMDG7H4,ntunniclissep8@cnbc.com,370-601-6268,Starr,Natala,Tunniclisse,9/3/1968,Female,SF05
KQVZ0L7,asmartmanp9@dyndns.org,841-314-1841,Giffie,Audy,Smartman,12/20/1953,Male,AZ70
QFRQ9P8,rmcnicklepa@vistaprint.com,257-644-1571,Chad,Rafaelia,McNickle,1/19/2003,Female,ST43
DDXF6V6,fbrownillpb@wiley.com,581-849-2774,Marty,Florie,Brownill,4/23/1964,Female,PU89
RPCF2E3,tbrymnerpc@yolasite.com,604-546-1462,Emili,Tatum,Brymner,12/12/1961,Female,MM15
IQAH5H1,bgullanepd@elpais.com,489-989-0918,Nicol,Becka,Gullane,8/17/1984,Male,ZJ95
LTNH5L1,ariddlepe@irs.gov,184-306-5951,Farrel,Aileen,Riddle,7/9/2000,Male,SF90
XGNM1P7,amacritchiepf@utexas.edu,806-795-2516,Ring,Aliza,MacRitchie,6/11/1993,Male,WL87
SHND2K4,jdruettpg@yahoo.co.jp,105-306-4838,Roma,Julianna,Druett,3/18/2000,Male,FU50
EZWC5Y1,kmeryettph@gizmodo.com,843-416-3580,Fairlie,Kat,Meryett,7/4/1972,Male,MP71
FUDD6Y2,hsherrardpi@mayoclinic.com,170-515-6347,Morgana,Hollyanne,Sherrard,4/22/1996,Female,HT97
VAHZ9P9,rwalheddpj@sciencedirect.com,528-974-3004,Joly,Rhea,Walhedd,2/3/1953,Female,KU10
SPMJ3M0,ijosskovizpk@utexas.edu,874-909-0388,Julie,Iolanthe,Josskoviz,5/10/1961,Male,VN39
CYQY3M4,fchastandpl@delicious.com,656-498-2614,Aldis,Franciska,Chastand,12/20/2008,Male,WR86
XKFM9P9,aglitherowpm@friendfeed.com,414-839-7018,Tabbatha,Aindrea,Glitherow,2/26/1976,Female,QL58
YIHX5I3,swhitbreadpn@tumblr.com,804-887-3534,Mikey,Sherilyn,Whitbread,4/5/1970,Non-binary,LD86
XPHS7D7,kpolettopo@meetup.com,490-454-1231,Katy,Kevyn,Poletto,4/24/1975,Female,BN02
IJQU9J3,jfinniepp@bbc.co.uk,159-981-6334,Kippar,Jorrie,Finnie,5/10/1999,Male,TP16
DHQH2A9,fcurtaynepq@infoseek.co.jp,705-553-8587,Lorrayne,Fifi,Curtayne,3/29/2008,Female,TD77
ANJZ2E1,avitallpr@digg.com,998-237-8766,Morris,Albina,Vitall,7/18/2001,Male,ZI04
QHFZ4O9,kzelleyps@illinois.edu,948-810-7434,Kinsley,Kattie,Zelley,3/31/1958,Male,GQ57
QKKE0Y2,fverlingpt@noaa.gov,489-211-9066,Monro,Faina,Verling,12/4/1951,Genderfluid,UP80
LZKW1E5,msneezumpu@sakura.ne.jp,307-229-4445,Alphonso,Mab,Sneezum,5/2/2002,Agender,WT25
YVYY1S5,ngossagepv@chicagotribune.com,732-479-4404,Agata,Noemi,Gossage,11/12/2019,Female,CF22
KWCA1Q1,jsquibbespw@wikispaces.com,341-647-8991,Kelley,Jilly,Squibbes,1/20/1956,Male,ZM27
ECHJ2D7,csauvanpx@goodreads.com,994-631-7184,Saudra,Carley,Sauvan,10/25/2003,Agender,SI31
MONT2A2,rraithmillpy@home.pl,216-300-2600,Jase,Rachael,Raithmill,8/28/1980,Male,WQ27
CWMY0L8,bdenkpz@e-recht24.de,946-107-0646,Laurice,Bili,Denk,5/25/1964,Female,OS06
YOKI0M0,amabbsq0@reddit.com,857-178-2742,Shirlee,Adrianne,Mabbs,10/20/2010,Female,MK27
MKXL2B9,jhulcoopq1@dailymail.co.uk,441-272-8440,Colette,Jacinda,Hulcoop,6/16/1985,Female,IF04
YLNL2R3,foglessaneq2@freewebs.com,484-745-1749,Janot,Felisha,O'Glessane,2/17/1976,Female,PC34
XWCL4U1,gmcmichanq3@sohu.com,225-636-3834,Lind,Giana,McMichan,11/4/1962,Female,CJ52
HVDH7Q6,tmcreedyq4@cnet.com,957-826-8940,Lorrayne,Tallulah,McReedy,10/6/1954,Female,SB65
URPW0V8,cbleadenq5@weebly.com,622-560-7044,Vincents,Cori,Bleaden,3/29/2008,Genderqueer,MD20
ULFX2B9,kdedhamq6@mashable.com,365-491-1450,Rosita,Keslie,Dedham,12/12/1961,Female,EP88
KLMC0K0,treedieq7@mlb.com,928-598-0025,Pia,Tabbie,Reedie,6/15/1993,Female,CV42
TMLV0Z0,sminucciq8@nydailynews.com,826-569-2604,Jed,Serene,Minucci,6/7/1970,Male,MM75
SGLP0J3,lgoringq9@xrea.com,654-199-7124,Kurtis,Lyndsey,Goring,2/11/1991,Male,KH98
LFXH7V2,egillespieqa@gmpg.org,922-616-7177,Gene,Elvira,Gillespie,10/23/1974,Male,MD73
HDEI9P0,gdossettqb@google.co.uk,240-201-9166,Cristian,Gabriell,Dossett,1/26/2001,Male,UK22
OMXJ2S6,rvockingsqc@mashable.com,290-138-9038,Windham,Roxana,Vockings,7/13/1972,Male,FF98
MHEY0A1,ialboneqd@ucoz.ru,824-915-1941,Brodie,Irina,Albone,2/17/1981,Male,HZ84
OTOA4K2,oheaneyqe@nsw.gov.au,873-298-1355,Vasili,Odele,Heaney`,1/8/1956,Male,QC24
CZGD9G1,abirdsqf@cyberchimps.com,333-688-9263,Arty,Adorne,Birds,10/10/2004,Male,SI20
PWUK5J6,emeelandqg@hibu.com,374-686-1940,Davidson,Elinore,Meeland,3/1/2013,Male,BG99
KVEA2E4,ebottrellqh@myspace.com,905-209-7872,Mac,Eada,Bottrell,5/9/1971,Male,CG10
OYMK3D0,mduckqi@gmpg.org,945-622-2861,Ricki,Miran,Duck,12/2/1971,Male,DK82
KTFT3Q1,obuntonqj@reddit.com,941-618-8885,Libbie,Olia,Bunton,6/8/1998,Female,GC36
KMYO7Z9,mschottqk@theatlantic.com,331-307-2431,Carlota,Melanie,Schott,3/19/1959,Female,TP73
PFDU0W2,pgarwellql@geocities.com,969-322-3934,Lloyd,Pegeen,Garwell,12/19/1953,Male,TL65
VDMO5Z9,aianettiqm@example.com,904-207-1952,Jan,Adey,Ianetti,11/21/2003,Male,CD57
MOPA9A5,mthredderqn@list-manage.com,811-541-0765,Marshall,Moll,Thredder,1/14/1953,Male,SN66
PFNQ5M6,lczapleqo@diigo.com,300-702-0502,Bartlet,Lynnette,Czaple,3/29/2008,Male,MA96
AAVH6Y9,wgymblettqp@senate.gov,531-386-3136,Hazlett,Wilone,Gymblett,9/5/1950,Male,AL18
EGPP5U5,mpeaceqq@delicious.com,550-995-2818,Dino,Megen,Peace,12/1/2015,Genderqueer,SI32
CJIN7C0,keudallqr@xing.com,360-828-3507,Peria,Katherina,Eudall,11/11/1989,Female,IQ20
OKFX7G8,hblackbornqs@arizona.edu,480-391-4210,Jan,Hatty,Blackborn,1/29/2002,Male,IS56
LESR7P3,bpherpsqt@t-online.de,687-298-6794,Bonnibelle,Berri,Pherps,8/3/1988,Female,IL89
MPZF1Y9,gverityqu@virginia.edu,316-660-3747,Judas,Gennie,Verity,7/10/1959,Male,IR01
DYYD3I6,dleppingtonqv@loc.gov,813-155-9418,Cordelia,Diandra,Leppington,6/10/1964,Female,FV60
DVOA9R8,npanswickqw@mac.com,241-694-7804,Kellina,Norina,Panswick,1/20/1956,Female,TR23
GEWU1M9,ndeclercqx@nationalgeographic.com,568-207-8264,Joleen,Nelly,de Clerc,3/31/1958,Female,EN59
RZBV1T4,aohmqy@vimeo.com,681-325-4862,Genevieve,Adelaida,Ohm,8/2/1990,Genderqueer,SL44
KNAB5V3,dstuddersqz@domainmarket.com,153-814-7559,Thedric,Dorise,Studders,5/10/1994,Male,QQ85
XODO7D4,kmarlr0@unicef.org,725-462-2723,Stinky,Katrinka,Marl,10/19/1967,Agender,IK53
THUL7C7,cwoodwardr1@de.vu,610-615-3942,Nolly,Cassandra,Woodward,11/14/1977,Male,IP85
LQIL4E5,abateripr2@wisc.edu,725-727-1023,Tawsha,Alfreda,Baterip,10/27/2006,Female,RN91
LYDH2A1,bliveleyr3@sfgate.com,888-176-4273,Nobe,Babita,Liveley,12/4/1951,Male,MH48
DJPQ9R2,mgoultr4@mysql.com,763-716-4344,Phillida,Marquita,Goult,6/14/2013,Female,MD18
GBSB3L6,hackredr5@theglobeandmail.com,617-518-1373,Lisle,Helen-elizabeth,Ackred,6/12/2000,Agender,SJ99
VKNM2V1,nclimancer6@shareasale.com,184-252-7774,Lowe,Nikkie,Climance,5/2/2002,Male,SS24
EVFL3B4,drennlesr7@technorati.com,505-304-0144,Hoyt,Daisey,Rennles,9/28/1953,Male,XB00
AAXY1L5,mdumphyr8@house.gov,817-532-4006,Tanitansy,Minta,Dumphy,10/23/2008,Female,CM94
TPEB7H2,dcroslandr9@dyndns.org,897-405-4965,Lurleen,Darcy,Crosland,5/18/1979,Female,OT63
YOVW7U5,emarttra@scientificamerican.com,954-851-5987,Boy,Emylee,Martt,10/19/1967,Male,GI68
EOLR4E1,khastewellrb@paginegialle.it,853-128-5257,Emilia,Kelila,Hastewell,10/27/1998,Female,KX83
VTOP4A4,gdalglishrc@skyrock.com,901-978-1514,Mab,Gabbey,Dalglish,9/1/1997,Female,IF00
JENW5U8,efrenschrd@youtu.be,885-583-3392,Darell,Emelda,Frensch,3/5/1993,Female,OK42
HACT5C2,sgreedingre@livejournal.com,216-455-7387,Nolie,Sharl,Greeding,9/3/1984,Female,XV67
FNRE2C5,cclashrf@com.com,333-232-1312,Mac,Correna,Clash,5/25/1964,Male,EG72
HDZS4K3,zflacknellrg@behance.net,816-838-4023,Eldridge,Zora,Flacknell,7/10/2002,Male,VR29
MSSH8H0,cjermeyrh@vkontakte.ru,715-483-5419,Maynard,Corette,Jermey,11/1/1997,Male,OE29
DPQO0B6,lzimari@w3.org,182-506-7841,Holly,Lucinda,Zima,11/30/1954,Genderfluid,VI14
ZZWI7C2,mtolefreerj@bbc.co.uk,480-676-5426,Karyn,Martita,Tolefree,1/10/1970,Female,GS37
VQBH1C2,npendrerk@ebay.com,819-616-4311,Rochella,Nessi,Pendre,12/12/1981,Female,YQ06
JKXA0C2,caucourterl@yandex.ru,831-533-3666,Sloan,Carla,Aucourte,2/6/1952,Male,BI59
AFWL3Z3,khubblerm@wp.com,542-297-0926,Dannye,Kendra,Hubble,5/27/1948,Female,VA62
HPKB3M4,lpennettarn@miitbeian.gov.cn,486-477-1144,Ottilie,Lezlie,Pennetta,6/7/1970,Female,XC27
WDYI7A2,tklaussenro@addthis.com,968-805-7025,Charmain,Tallia,Klaussen,8/28/1999,Female,JJ27
OOTF0L1,cmorriesonrp@psu.edu,446-944-3693,Winnie,Cornela,Morrieson,9/19/2020,Female,ZZ79
COVK8I1,cvandenhofrq@google.cn,658-654-0218,Shelden,Caye,Van den Hof,1/5/2011,Male,LD03
ATFL2A6,crosekillyrr@disqus.com,558-638-3994,Beverlie,Concettina,Rosekilly,3/23/2014,Female,ZX20
